-- POPULATION

TRUNCATE Arbitraggio, Arbitro, Partita, Competizione, Articolo, Trasferimento, Statistica, Calciatore, Squadra, Allenatore, Stadio;

INSERT INTO Stadio(Nome, Citta, Capienza) VALUES
 ('Gewiss Stadium','Bergamo',15000)
,('Renato Dall Ara','Bologna',20000)
,('Unipol Domus','Cagliari',10000)
,('Carlo Castellani','Empoli',8000)
,('Artemio Franchi','Firenze',6000)
,('Luigi Ferraris','Genova',18500)
,('Giuseppe Meazza','Milano',15000)
,('Allianz Stadium','Torino',20000)
,('Diego Armando Maradona','Napoli',6000)
,('Olimpico','Roma',18500)
,('Arechi','Salerno',15000)
,('Mapei Citta del Tricolore','Sassuolo',10000)
,('Alberto Picco','La Spezia',8000)
,('Olimpico Grande Torino','Torino',6000)
,('Friuli','Udine',18500)
,('Pier Luigi Penzo','Venezia',10000)
,('Marcantonio Bentegodi','Verona',23000)
,('Via del Mare','Lecce',31000)
,('Giuseppe Moccagatta','Alessandria',8000)
,('Cino e Lillo Del Duca','Ascoli Piceno',10000)
,('Ciro Vigorito','Benevento',8500)
,('Mario Rigamonti','Brescia',13000)
,('Piercesare Tombolato','Cittadella',9000)
,('Giuseppe Sinigaglia','Como',8000)
,('San Vito-Gigi Marulla','Cosenza',14000)
,('Giovanni Zini','Cremona',8500)
,('Ezio Scida','Crotone',13000)
,('Benito Stirpe','Frosinone',9200)
,('Via del mare','Lecce',8000)
,('Romeo Menti','Vicenza',10000)
,('Brianteo','Monza',8700)
,('Ennio Tardini','Parma',13000)
,('Renato Curi','Perugia',9000)
,('Garibaldi-Romeo Anconetani','Pisa',8000)
,('Guido Teghil','Pordenone',11000)
,('Oreste Granillo','Reggio Calabria',8500)
,('Paolo Mazza','Ferrara',12000)
,('Libero Liberati','Terni',9000);


INSERT INTO Allenatore(CF, Nome, Cognome, DataNascita, Nazionalita) VALUES
 ('GIAGAS19700101IT','Gian Piero','Gasperini','1970-01-01','Italia')
,('SINMIH19700102SE','Sinisa','Mihajlovi','1970-01-02','Serbia')
,('WALMAZ19700103IT','Walter','Mazzarri','1970-01-03','Italia')
,('AURAND19700104IT','Aurelio','Andreazzoli','1970-01-04','Italia')
,('VINITA19700105IT','Vincenzo','Italiano','1970-01-05','Italia')
,('ALEBLE19700106GE','Alexander','Blessin','1970-01-06','Germania')
,('SIMINZ19700107IT','Simone','Inzaghi','1970-01-07','Italia')
,('MASALL19700108IT','Massimiliano','Allegri','1970-01-08','Italia')
,('MAUSAR19700109IT','Maurizio','Sarri','1970-01-09','Italia')
,('STEPIO19700110IT','Stefano','Pioli','1970-01-10','Italia')
,('LUCSPA19700111IT','Luciano','Spalletti','1970-01-11','Italia')
,('JOSMOU19700112PO','Jose','Mourinho','1970-01-12','Portogallo')
,('STECOL19700113IT','Stefano','Colantuono','1970-01-13','Italia')
,('MARGIA19700114IT','Marco','Giampaolo','1970-01-14','Italia')
,('ALEDIO19700115IT','Alessio','Dionisi','1970-01-15','Italia')
,('THIMOT19700116IT','Thiago','Motta','1970-01-16','Italia')
,('IVAJUR19700117CR','Ivan','Juri','1970-01-17','Croazia')
,('GABCIO19700118IT','Gabriele','Cioffi','1970-01-18','Italia')
,('PAOZAN19700119IT','Paolo','Zanetti','1970-01-19','Italia')
,('IGOTUD19700120CR','Igor','Tudor','1970-01-20','Croazia')
,('MARBAR19700121IT','Marco','Baroni','1970-01-21','Italia')
,('MORLON19700121IT','Moreno','Longo','1970-01-21','Italia')
,('ANDSOT19700122IT','Andrea','Sottil','1970-01-22','Italia')
,('FABCAS19700123IT','Fabio','Caserta','1970-01-23','Italia')
,('FILINZ19700124IT','Filippo','Inzaghi','1970-01-24','Italia')
,('EDOGOR19700125IT','Edoardo','Gorini','1970-01-25','Italia')
,('GIAGAT19700126IT','Giacomo','Gattuso','1970-01-26','Italia')
,('PIEBIS19700127IT','Pierpaolo','Bisoli','1970-01-27','Italia')
,('FABPEC19700128IT','Fabio','Pecchia','1970-01-28','Italia')
,('FRAMOD19700129IT','Francesco','Modesto','1970-01-29','Italia')
,('FABGRO19700130IT','Fabio','Grosso','1970-01-30','Italia')
,('MARBAR19700201IT','Marco','Baroni','1970-02-01','Italia')
,('CRIBRO19700202IT','Cristian','Brocchi','1970-02-02','Italia')
,('GIOSTR19700203IT','Giovanni','Stroppa','1970-02-03','Italia')
,('GIUIAC19700204IT','Giuseppe','Iachini','1970-02-04','Italia')
,('MASALV19700205IT','Massimiliano','Alvini','1970-02-05','Italia')
,('LUCDAN19700206IT','Luca','D''Angelo','1970-02-06','Italia')
,('BRUTED19700207IT','Bruno','Tedino','1970-02-07','Italia')
,('ROBSTE19700208IT','Roberto','Stellone','1970-02-08','Italia')
,('ROBVEN19700209IT','Roberto','Venturato','1970-02-09','Italia')
,('CRILUC19700210IT','Cristiano','Lucarelli','1970-02-10','Italia');


INSERT INTO Squadra(Nome, Fondazione, Stadio, Citta, Allenatore) VALUES
-- SERIE A 21-22
 ('Atalanta',NULL,'Gewiss Stadium','Bergamo','GIAGAS19700101IT')
,('Bologna',NULL,'Renato Dall Ara','Bologna','SINMIH19700102SE')
,('Cagliari',NULL,'Unipol Domus','Cagliari','WALMAZ19700103IT')
,('Empoli',NULL,'Carlo Castellani','Empoli','AURAND19700104IT')
,('Fiorentina',NULL,'Artemio Franchi','Firenze','VINITA19700105IT')
,('Genoa',NULL,'Luigi Ferraris','Genova','ALEBLE19700106GE')
,('Inter',NULL,'Giuseppe Meazza','Milano','SIMINZ19700107IT')
,('Juventus',NULL,'Allianz Stadium','Torino','MASALL19700108IT')
,('Lazio',NULL,'Olimpico','Roma','MAUSAR19700109IT')
,('Milan',NULL,'Giuseppe Meazza','Milano','STEPIO19700110IT')
,('Napoli',NULL,'Diego Armando Maradona','Napoli','LUCSPA19700111IT')
,('Roma',NULL,'Olimpico','Roma','JOSMOU19700112PO')
,('Salernitana',NULL,'Arechi','Salerno','STECOL19700113IT')
,('Sampdoria',NULL,'Luigi Ferraris','Genova','MARGIA19700114IT')
,('Sassuolo',NULL,'Mapei Citta del Tricolore','Sassuolo','ALEDIO19700115IT')
,('Spezia',NULL,'Alberto Picco','La Spezia','THIMOT19700116IT')
,('Torino',NULL,'Olimpico Grande Torino','Torino','IVAJUR19700117CR')
,('Udinese',NULL,'Friuli','Udine','GABCIO19700118IT')
,('Venezia',NULL,'Pier Luigi Penzo','Venezia','PAOZAN19700119IT')
,('Verona',NULL,'Marcantonio Bentegodi','Verona','IGOTUD19700120CR')

-- SERIE B 21-22
,('Alessandria',NULL,'Giuseppe Moccagatta','Alessandria','MORLON19700121IT')
,('Ascoli',NULL,'Cino e Lillo Del Duca','Ascoli Piceno','ANDSOT19700122IT')
,('Benevento',NULL,'Ciro Vigorito','Benevento','FABCAS19700123IT')
,('Brescia',NULL,'Mario Rigamonti','Brescia','FILINZ19700124IT')
,('Cittadella',NULL,'Piercesare Tombolato','Cittadella','EDOGOR19700125IT')
,('Como',NULL,'Giuseppe Sinigaglia','Como','GIAGAT19700126IT')
,('Cosenza',NULL,'San Vito-Gigi Marulla','Cosenza','PIEBIS19700127IT')
,('Cremonese',NULL,'Giovanni Zini','Cremona','FABPEC19700128IT')
,('Crotone',NULL,'Ezio Scida','Crotone','FRAMOD19700129IT')
,('Frosinone',NULL,'Benito Stirpe','Frosinone','FABGRO19700130IT')
,('Lecce',NULL,'Via del mare','Lecce','MARBAR19700201IT')
,('Vicenza',NULL,'Romeo Menti','Vicenza','CRIBRO19700202IT')
,('Monza',NULL,'Brianteo','Monza','GIOSTR19700203IT')
,('Parma',NULL,'Ennio Tardini','Parma','GIUIAC19700204IT')
,('Perugia',NULL,'Renato Curi','Perugia','MASALV19700205IT')
,('Pisa',NULL,'Garibaldi-Romeo Anconetani','Pisa','LUCDAN19700206IT')
,('Pordenone',NULL,'Guido Teghil','Pordenone','BRUTED19700207IT')
,('Reggina',NULL,'Oreste Granillo','Reggio Calabria','ROBSTE19700208IT')
,('Spal',NULL,'Paolo Mazza','Ferrara','ROBVEN19700209IT')
,('Ternana',NULL,'Libero Liberati','Terni','CRILUC19700210IT');


INSERT INTO Competizione(Zona, Divisione, Tipologia, InizioStagione, FineStagione, Nome) VALUES 
 ('Italia', 1, 'LEGA', '0001-08-20', '0002-05-25', 'Serie A')
,('Italia', 2, 'LEGA', '0001-08-20', '0002-05-07', 'Serie B')
,('Italia', 0, 'COPPA', '0001-08-15', '0002-05-20', 'Coppa Italia')
,('UEFA', 1, 'TORNEOINT', '0001-06-22', '0002-05-28', 'Champions League');

INSERT INTO Partita(Data, SquadraCasa, SquadraOspite, PunteggioCasa, PunteggioOspite, Zona, Divisione) VALUES
-- SERIE A 21-22
 ('2021-08-21','Inter','Genoa',4,0,'Italia',1)
,('2021-08-21','Verona','Sassuolo',2,3,'Italia',1)
,('2021-08-21','Empoli','Lazio',1,3,'Italia',1)
,('2021-08-21','Torino','Atalanta',1,2,'Italia',1)
,('2021-08-22','Bologna','Salernitana',3,2,'Italia',1)
,('2021-08-22','Udinese','Juventus',2,2,'Italia',1)
,('2021-08-22','Napoli','Venezia',2,0,'Italia',1)
,('2021-08-22','Roma','Fiorentina',3,1,'Italia',1)
,('2021-08-23','Cagliari','Spezia',2,2,'Italia',1)
,('2021-08-23','Sampdoria','Milan',0,1,'Italia',1)
,('2021-08-27','Udinese','Venezia',3,0,'Italia',1)
,('2021-08-27','Verona','Inter',1,3,'Italia',1)
,('2021-08-28','Atalanta','Bologna',0,0,'Italia',1)
,('2021-08-28','Lazio','Spezia',6,1,'Italia',1)
,('2021-08-28','Fiorentina','Torino',2,1,'Italia',1)
,('2021-08-28','Juventus','Empoli',0,1,'Italia',1)
,('2021-08-29','Genoa','Napoli',1,2,'Italia',1)
,('2021-08-29','Sassuolo','Sampdoria',0,0,'Italia',1)
,('2021-08-29','Milan','Cagliari',4,1,'Italia',1)
,('2021-08-29','Salernitana','Roma',0,4,'Italia',1)
,('2021-09-11','Empoli','Venezia',1,2,'Italia',1)
,('2021-09-11','Napoli','Juventus',2,1,'Italia',1)
,('2021-09-11','Atalanta','Fiorentina',1,2,'Italia',1)
,('2021-09-12','Sampdoria','Inter',2,2,'Italia',1)
,('2021-09-12','Cagliari','Genoa',2,3,'Italia',1)
,('2021-09-12','Spezia','Udinese',0,1,'Italia',1)
,('2021-09-12','Torino','Salernitana',4,0,'Italia',1)
,('2021-09-12','Milan','Lazio',2,0,'Italia',1)
,('2021-09-12','Roma','Sassuolo',2,1,'Italia',1)
,('2021-09-13','Bologna','Verona',1,0,'Italia',1)
,('2021-09-17','Sassuolo','Torino',0,1,'Italia',1)
,('2021-09-18','Genoa','Fiorentina',1,2,'Italia',1)
,('2021-09-18','Inter','Bologna',6,1,'Italia',1)
,('2021-09-18','Salernitana','Atalanta',0,1,'Italia',1)
,('2021-09-19','Empoli','Sampdoria',0,3,'Italia',1)
,('2021-09-19','Venezia','Spezia',1,2,'Italia',1)
,('2021-09-19','Lazio','Cagliari',2,2,'Italia',1)
,('2021-09-19','Verona','Roma',3,2,'Italia',1)
,('2021-09-19','Juventus','Milan',1,1,'Italia',1)
,('2021-09-20','Udinese','Napoli',0,4,'Italia',1)
,('2021-09-21','Bologna','Genoa',2,2,'Italia',1)
,('2021-09-21','Atalanta','Sassuolo',2,1,'Italia',1)
,('2021-09-21','Fiorentina','Inter',1,3,'Italia',1)
,('2021-09-22','Salernitana','Verona',2,2,'Italia',1)
,('2021-09-22','Spezia','Juventus',2,3,'Italia',1)
,('2021-09-22','Cagliari','Empoli',0,2,'Italia',1)
,('2021-09-22','Milan','Venezia',2,0,'Italia',1)
,('2021-09-23','Sampdoria','Napoli',0,4,'Italia',1)
,('2021-09-23','Torino','Lazio',1,1,'Italia',1)
,('2021-09-23','Roma','Udinese',1,0,'Italia',1)
,('2021-09-25','Spezia','Milan',1,2,'Italia',1)
,('2021-09-25','Inter','Atalanta',2,2,'Italia',1)
,('2021-09-25','Genoa','Verona',3,3,'Italia',1)
,('2021-09-26','Juventus','Sampdoria',3,2,'Italia',1)
,('2021-09-26','Empoli','Bologna',4,2,'Italia',1)
,('2021-09-26','Sassuolo','Salernitana',1,0,'Italia',1)
,('2021-09-26','Udinese','Fiorentina',0,1,'Italia',1)
,('2021-09-26','Lazio','Roma',3,2,'Italia',1)
,('2021-09-26','Napoli','Cagliari',2,0,'Italia',1)
,('2021-09-27','Venezia','Torino',1,1,'Italia',1)
,('2021-10-01','Cagliari','Venezia',1,1,'Italia',1)
,('2021-10-02','Salernitana','Genoa',1,0,'Italia',1)
,('2021-10-02','Torino','Juventus',0,1,'Italia',1)
,('2021-10-02','Sassuolo','Inter',1,2,'Italia',1)
,('2021-10-03','Bologna','Lazio',3,0,'Italia',1)
,('2021-10-03','Sampdoria','Udinese',3,3,'Italia',1)
,('2021-10-03','Verona','Spezia',4,0,'Italia',1)
,('2021-10-03','Fiorentina','Napoli',1,2,'Italia',1)
,('2021-10-03','Roma','Empoli',2,0,'Italia',1)
,('2021-10-03','Atalanta','Milan',2,3,'Italia',1)
,('2021-10-16','Spezia','Salernitana',2,1,'Italia',1)
,('2021-10-16','Lazio','Inter',3,1,'Italia',1)
,('2021-10-16','Milan','Verona',3,2,'Italia',1)
,('2021-10-17','Cagliari','Sampdoria',3,1,'Italia',1)
,('2021-10-17','Empoli','Atalanta',1,4,'Italia',1)
,('2021-10-17','Genoa','Sassuolo',2,2,'Italia',1)
,('2021-10-17','Udinese','Bologna',1,1,'Italia',1)
,('2021-10-17','Napoli','Torino',1,0,'Italia',1)
,('2021-10-17','Juventus','Roma',1,0,'Italia',1)
,('2021-10-18','Venezia','Fiorentina',1,0,'Italia',1)
,('2021-10-22','Torino','Genoa',3,2,'Italia',1)
,('2021-10-22','Sampdoria','Spezia',2,1,'Italia',1)
,('2021-10-23','Salernitana','Empoli',2,4,'Italia',1)
,('2021-10-23','Sassuolo','Venezia',3,1,'Italia',1)
,('2021-10-23','Bologna','Milan',2,4,'Italia',1)
,('2021-10-24','Atalanta','Udinese',1,1,'Italia',1)
,('2021-10-24','Fiorentina','Cagliari',3,0,'Italia',1)
,('2021-10-24','Verona','Lazio',4,1,'Italia',1)
,('2021-10-24','Roma','Napoli',0,0,'Italia',1)
,('2021-10-24','Inter','Juventus',1,1,'Italia',1)
,('2021-10-26','Spezia','Genoa',1,1,'Italia',1)
,('2021-10-26','Venezia','Salernitana',1,2,'Italia',1)
,('2021-10-26','Milan','Torino',1,0,'Italia',1)
,('2021-10-27','Juventus','Sassuolo',1,2,'Italia',1)
,('2021-10-27','Sampdoria','Atalanta',1,3,'Italia',1)
,('2021-10-27','Udinese','Verona',1,1,'Italia',1)
,('2021-10-27','Cagliari','Roma',1,2,'Italia',1)
,('2021-10-27','Empoli','Inter',0,2,'Italia',1)
,('2021-10-27','Lazio','Fiorentina',1,0,'Italia',1)
,('2021-10-28','Napoli','Bologna',3,0,'Italia',1)
,('2021-10-30','Atalanta','Lazio',2,2,'Italia',1)
,('2021-10-30','Verona','Juventus',2,1,'Italia',1)
,('2021-10-30','Torino','Sampdoria',3,0,'Italia',1)
,('2021-10-31','Inter','Udinese',2,0,'Italia',1)
,('2021-10-31','Fiorentina','Spezia',3,0,'Italia',1)
,('2021-10-31','Genoa','Venezia',0,0,'Italia',1)
,('2021-10-31','Sassuolo','Empoli',1,2,'Italia',1)
,('2021-10-31','Salernitana','Napoli',0,1,'Italia',1)
,('2021-10-31','Roma','Milan',1,2,'Italia',1)
,('2021-11-01','Bologna','Cagliari',2,0,'Italia',1)
,('2021-11-05','Empoli','Genoa',2,2,'Italia',1)
,('2021-11-06','Spezia','Torino',1,0,'Italia',1)
,('2021-11-06','Juventus','Fiorentina',1,0,'Italia',1)
,('2021-11-06','Cagliari','Atalanta',1,2,'Italia',1)
,('2021-11-07','Venezia','Roma',3,2,'Italia',1)
,('2021-11-07','Sampdoria','Bologna',1,2,'Italia',1)
,('2021-11-07','Udinese','Sassuolo',3,2,'Italia',1)
,('2021-11-07','Lazio','Salernitana',3,0,'Italia',1)
,('2021-11-07','Napoli','Verona',1,1,'Italia',1)
,('2021-11-07','Milan','Inter',1,1,'Italia',1)
,('2021-11-20','Atalanta','Spezia',5,2,'Italia',1)
,('2021-11-20','Lazio','Juventus',0,2,'Italia',1)
,('2021-11-20','Fiorentina','Milan',4,3,'Italia',1)
,('2021-11-21','Sassuolo','Cagliari',2,2,'Italia',1)
,('2021-11-21','Bologna','Venezia',0,1,'Italia',1)
,('2021-11-21','Salernitana','Sampdoria',0,2,'Italia',1)
,('2021-11-21','Inter','Napoli',3,2,'Italia',1)
,('2021-11-21','Genoa','Roma',0,2,'Italia',1)
,('2021-11-22','Verona','Empoli',2,1,'Italia',1)
,('2021-11-22','Torino','Udinese',2,1,'Italia',1)
,('2021-11-26','Cagliari','Salernitana',1,1,'Italia',1)
,('2021-11-27','Empoli','Fiorentina',2,1,'Italia',1)
,('2021-11-27','Sampdoria','Verona',3,1,'Italia',1)
,('2021-11-27','Juventus','Atalanta',0,1,'Italia',1)
,('2021-11-27','Venezia','Inter',0,2,'Italia',1)
,('2021-11-28','Udinese','Genoa',0,0,'Italia',1)
,('2021-11-28','Milan','Sassuolo',1,3,'Italia',1)
,('2021-11-28','Spezia','Bologna',0,1,'Italia',1)
,('2021-11-28','Roma','Torino',1,0,'Italia',1)
,('2021-11-28','Napoli','Lazio',4,0,'Italia',1)
,('2021-11-30','Atalanta','Venezia',4,0,'Italia',1)
,('2021-11-30','Fiorentina','Sampdoria',3,1,'Italia',1)
,('2021-11-30','Salernitana','Juventus',0,2,'Italia',1)
,('2021-11-30','Verona','Cagliari',0,0,'Italia',1)
,('2021-12-01','Bologna','Roma',1,0,'Italia',1)
,('2021-12-01','Inter','Spezia',2,0,'Italia',1)
,('2021-12-01','Genoa','Milan',0,3,'Italia',1)
,('2021-12-01','Sassuolo','Napoli',2,2,'Italia',1)
,('2021-12-02','Torino','Empoli',2,2,'Italia',1)
,('2021-12-02','Lazio','Udinese',4,4,'Italia',1)
,('2021-12-04','Milan','Salernitana',2,0,'Italia',1)
,('2021-12-04','Roma','Inter',0,3,'Italia',1)
,('2021-12-04','Napoli','Atalanta',2,3,'Italia',1)
,('2021-12-05','Bologna','Fiorentina',2,3,'Italia',1)
,('2021-12-05','Spezia','Sassuolo',2,2,'Italia',1)
,('2021-12-05','Venezia','Verona',3,4,'Italia',1)
,('2021-12-05','Sampdoria','Lazio',1,3,'Italia',1)
,('2021-12-05','Juventus','Genoa',2,0,'Italia',1)
,('2021-12-06','Empoli','Udinese',3,1,'Italia',1)
,('2021-12-06','Cagliari','Torino',1,1,'Italia',1)
,('2021-12-10','Genoa','Sampdoria',1,3,'Italia',1)
,('2021-12-11','Fiorentina','Salernitana',4,0,'Italia',1)
,('2021-12-11','Venezia','Juventus',1,1,'Italia',1)
,('2021-12-11','Udinese','Milan',1,1,'Italia',1)
,('2021-12-12','Torino','Bologna',2,1,'Italia',1)
,('2021-12-12','Verona','Atalanta',1,2,'Italia',1)
,('2021-12-12','Napoli','Empoli',0,1,'Italia',1)
,('2021-12-12','Sassuolo','Lazio',2,1,'Italia',1)
,('2021-12-12','Inter','Cagliari',4,0,'Italia',1)
,('2021-12-13','Roma','Spezia',2,0,'Italia',1)
,('2021-12-17','Lazio','Genoa',3,1,'Italia',1)
,('2021-12-17','Salernitana','Inter',0,5,'Italia',1)
,('2021-12-18','Atalanta','Roma',1,4,'Italia',1)
,('2021-12-18','Bologna','Juventus',0,2,'Italia',1)
,('2021-12-18','Cagliari','Udinese',0,4,'Italia',1)
,('2021-12-19','Fiorentina','Sassuolo',2,2,'Italia',1)
,('2021-12-19','Spezia','Empoli',1,1,'Italia',1)
,('2021-12-19','Sampdoria','Venezia',1,1,'Italia',1)
,('2021-12-19','Torino','Verona',1,0,'Italia',1)
,('2021-12-19','Milan','Napoli',0,1,'Italia',1)
,('2021-12-21','Genoa','Atalanta',0,0,'Italia',1)
,('2021-12-21','Juventus','Cagliari',2,0,'Italia',1)
,('2021-12-22','Sassuolo','Bologna',0,3,'Italia',1)
,('2021-12-22','Venezia','Lazio',1,3,'Italia',1)
,('2021-12-22','Inter','Torino',1,0,'Italia',1)
,('2021-12-22','Roma','Sampdoria',1,1,'Italia',1)
,('2021-12-22','Verona','Fiorentina',1,1,'Italia',1)
,('2021-12-22','Empoli','Milan',2,4,'Italia',1)
,('2021-12-22','Napoli','Spezia',0,1,'Italia',1)
,('2022-01-06','Sampdoria','Cagliari',1,2,'Italia',1)
,('2022-01-06','Lazio','Empoli',3,3,'Italia',1)
,('2022-01-06','Spezia','Verona',1,2,'Italia',1)
,('2022-01-06','Sassuolo','Genoa',1,1,'Italia',1)
,('2022-01-06','Milan','Roma',3,1,'Italia',1)
,('2022-01-06','Juventus','Napoli',1,1,'Italia',1)
,('2022-01-09','Empoli','Sassuolo',1,5,'Italia',1)
,('2022-01-09','Venezia','Milan',0,3,'Italia',1)
,('2022-01-09','Napoli','Sampdoria',1,0,'Italia',1)
,('2022-01-09','Udinese','Atalanta',2,6,'Italia',1)
,('2022-01-09','Genoa','Spezia',0,1,'Italia',1)
,('2022-01-09','Roma','Juventus',3,4,'Italia',1)
,('2022-01-09','Inter','Lazio',2,1,'Italia',1)
,('2022-01-09','Verona','Salernitana',1,2,'Italia',1)
,('2022-01-10','Torino','Fiorentina',4,0,'Italia',1)
,('2022-01-11','Cagliari','Bologna',2,1,'Italia',1)
,('2022-01-15','Sampdoria','Torino',1,2,'Italia',1)
,('2022-01-15','Salernitana','Lazio',0,3,'Italia',1)
,('2022-01-15','Juventus','Udinese',2,0,'Italia',1)
,('2022-01-16','Sassuolo','Verona',2,4,'Italia',1)
,('2022-01-16','Venezia','Empoli',1,1,'Italia',1)
,('2022-01-16','Roma','Cagliari',1,0,'Italia',1)
,('2022-01-16','Atalanta','Inter',0,0,'Italia',1)
,('2022-01-17','Bologna','Napoli',0,2,'Italia',1)
,('2022-01-17','Milan','Spezia',1,2,'Italia',1)
,('2022-01-17','Fiorentina','Genoa',6,0,'Italia',1)
,('2022-01-21','Verona','Bologna',2,1,'Italia',1)
,('2022-01-22','Genoa','Udinese',0,0,'Italia',1)
,('2022-01-22','Inter','Venezia',2,1,'Italia',1)
,('2022-01-22','Lazio','Atalanta',0,0,'Italia',1)
,('2022-01-23','Cagliari','Fiorentina',1,1,'Italia',1)
,('2022-01-23','Napoli','Salernitana',4,1,'Italia',1)
,('2022-01-23','Spezia','Sampdoria',1,0,'Italia',1)
,('2022-01-23','Torino','Sassuolo',1,1,'Italia',1)
,('2022-01-23','Empoli','Roma',2,4,'Italia',1)
,('2022-01-23','Milan','Juventus',0,0,'Italia',1)
,('2022-02-05','Roma','Genoa',0,0,'Italia',1)
,('2022-02-05','Inter','Milan',1,2,'Italia',1)
,('2022-02-05','Fiorentina','Lazio',0,3,'Italia',1)
,('2022-02-06','Atalanta','Cagliari',1,2,'Italia',1)
,('2022-02-06','Bologna','Empoli',0,0,'Italia',1)
,('2022-02-06','Sampdoria','Sassuolo',4,0,'Italia',1)
,('2022-02-06','Venezia','Napoli',0,2,'Italia',1)
,('2022-02-06','Udinese','Torino',2,0,'Italia',1)
,('2022-02-06','Juventus','Verona',2,0,'Italia',1)
,('2022-02-07','Salernitana','Spezia',2,2,'Italia',1)
,('2022-02-12','Lazio','Bologna',3,0,'Italia',1)
,('2022-02-12','Napoli','Inter',1,1,'Italia',1)
,('2022-02-12','Torino','Venezia',1,2,'Italia',1)
,('2022-02-13','Milan','Sampdoria',1,0,'Italia',1)
,('2022-02-13','Empoli','Cagliari',1,1,'Italia',1)
,('2022-02-13','Genoa','Salernitana',1,1,'Italia',1)
,('2022-02-13','Verona','Udinese',4,0,'Italia',1)
,('2022-02-13','Sassuolo','Roma',2,2,'Italia',1)
,('2022-02-13','Atalanta','Juventus',1,1,'Italia',1)
,('2022-02-14','Spezia','Fiorentina',1,2,'Italia',1)
,('2022-02-18','Juventus','Torino',1,1,'Italia',1)
,('2022-02-19','Sampdoria','Empoli',2,0,'Italia',1)
,('2022-02-19','Roma','Verona',2,2,'Italia',1)
,('2022-02-19','Salernitana','Milan',2,2,'Italia',1)
,('2022-02-20','Fiorentina','Atalanta',1,0,'Italia',1)
,('2022-02-20','Venezia','Genoa',1,1,'Italia',1)
,('2022-02-20','Inter','Sassuolo',0,2,'Italia',1)
,('2022-02-20','Udinese','Lazio',1,1,'Italia',1)
,('2022-02-21','Cagliari','Napoli',1,1,'Italia',1)
,('2022-02-21','Bologna','Spezia',2,1,'Italia',1)
,('2022-02-25','Milan','Udinese',1,1,'Italia',1)
,('2022-02-25','Genoa','Inter',0,0,'Italia',1)
,('2022-02-26','Salernitana','Bologna',1,1,'Italia',1)
,('2022-02-26','Empoli','Juventus',2,3,'Italia',1)
,('2022-02-26','Sassuolo','Fiorentina',2,1,'Italia',1)
,('2022-02-27','Torino','Cagliari',1,2,'Italia',1)
,('2022-02-27','Verona','Venezia',3,1,'Italia',1)
,('2022-02-27','Spezia','Roma',0,1,'Italia',1)
,('2022-02-27','Lazio','Napoli',1,2,'Italia',1)
,('2022-02-28','Atalanta','Sampdoria',4,0,'Italia',1)
,('2022-03-04','Inter','Salernitana',5,0,'Italia',1)
,('2022-03-05','Udinese','Sampdoria',2,1,'Italia',1)
,('2022-03-05','Roma','Atalanta',1,0,'Italia',1)
,('2022-03-05','Cagliari','Lazio',0,3,'Italia',1)
,('2022-03-06','Genoa','Empoli',0,0,'Italia',1)
,('2022-03-06','Bologna','Torino',0,0,'Italia',1)
,('2022-03-06','Fiorentina','Verona',1,1,'Italia',1)
,('2022-03-06','Venezia','Sassuolo',1,4,'Italia',1)
,('2022-03-06','Juventus','Spezia',1,0,'Italia',1)
,('2022-03-06','Napoli','Milan',0,1,'Italia',1)
,('2022-03-12','Salernitana','Sassuolo',2,2,'Italia',1)
,('2022-03-12','Spezia','Cagliari',2,0,'Italia',1)
,('2022-03-12','Sampdoria','Juventus',1,3,'Italia',1)
,('2022-03-12','Milan','Empoli',1,0,'Italia',1)
,('2022-03-13','Fiorentina','Bologna',1,0,'Italia',1)
,('2022-03-13','Verona','Napoli',1,2,'Italia',1)
,('2022-03-13','Atalanta','Genoa',0,0,'Italia',1)
,('2022-03-13','Udinese','Roma',1,1,'Italia',1)
,('2022-03-13','Torino','Inter',1,1,'Italia',1)
,('2022-03-14','Lazio','Venezia',1,0,'Italia',1)
,('2022-03-18','Sassuolo','Spezia',4,1,'Italia',1)
,('2022-03-18','Genoa','Torino',1,0,'Italia',1)
,('2022-03-19','Napoli','Udinese',2,1,'Italia',1)
,('2022-03-19','Inter','Fiorentina',1,1,'Italia',1)
,('2022-03-19','Cagliari','Milan',0,1,'Italia',1)
,('2022-03-20','Venezia','Sampdoria',0,2,'Italia',1)
,('2022-03-20','Empoli','Verona',1,1,'Italia',1)
,('2022-03-20','Juventus','Salernitana',2,0,'Italia',1)
,('2022-03-20','Roma','Lazio',3,0,'Italia',1)
,('2022-03-20','Bologna','Atalanta',0,1,'Italia',1)
,('2022-04-02','Spezia','Venezia',1,0,'Italia',1)
,('2022-04-02','Lazio','Sassuolo',2,1,'Italia',1)
,('2022-04-02','Salernitana','Torino',0,1,'Italia',1)
,('2022-04-03','Fiorentina','Empoli',1,0,'Italia',1)
,('2022-04-03','Atalanta','Napoli',1,3,'Italia',1)
,('2022-04-03','Udinese','Cagliari',5,1,'Italia',1)
,('2022-04-03','Sampdoria','Roma',0,1,'Italia',1)
,('2022-04-03','Juventus','Inter',0,1,'Italia',1)
,('2022-04-04','Verona','Genoa',1,0,'Italia',1)
,('2022-04-04','Milan','Bologna',0,0,'Italia',1)
,('2022-04-09','Empoli','Spezia',0,0,'Italia',1)
,('2022-04-09','Inter','Verona',2,0,'Italia',1)
,('2022-04-09','Cagliari','Juventus',1,2,'Italia',1)
,('2022-04-10','Genoa','Lazio',1,4,'Italia',1)
,('2022-04-10','Napoli','Fiorentina',2,3,'Italia',1)
,('2022-04-10','Sassuolo','Atalanta',2,1,'Italia',1)
,('2022-04-10','Venezia','Udinese',1,2,'Italia',1)
,('2022-04-10','Roma','Salernitana',2,1,'Italia',1)
,('2022-04-10','Torino','Milan',0,0,'Italia',1)
,('2022-04-11','Bologna','Sampdoria',2,0,'Italia',1)
,('2022-04-15','Spezia','Inter',1,3,'Italia',1)
,('2022-04-15','Milan','Genoa',2,0,'Italia',1)
,('2022-04-16','Cagliari','Sassuolo',1,0,'Italia',1)
,('2022-04-16','Sampdoria','Salernitana',1,2,'Italia',1)
,('2022-04-16','Udinese','Empoli',4,1,'Italia',1)
,('2022-04-16','Fiorentina','Venezia',1,0,'Italia',1)
,('2022-04-16','Juventus','Bologna',1,1,'Italia',1)
,('2022-04-16','Lazio','Torino',1,1,'Italia',1)
,('2022-04-18','Napoli','Roma',1,1,'Italia',1)
,('2022-04-18','Atalanta','Verona',1,2,'Italia',1)
,('2022-04-20','Udinese','Salernitana',0,1,'Italia',1)
,('2022-04-23','Torino','Spezia',2,1,'Italia',1)
,('2022-04-23','Venezia','Atalanta',1,3,'Italia',1)
,('2022-04-23','Inter','Roma',3,1,'Italia',1)
,('2022-04-23','Verona','Sampdoria',1,1,'Italia',1)
,('2022-04-24','Salernitana','Fiorentina',2,1,'Italia',1)
,('2022-04-24','Bologna','Udinese',2,2,'Italia',1)
,('2022-04-24','Empoli','Napoli',3,2,'Italia',1)
,('2022-04-24','Genoa','Cagliari',1,0,'Italia',1)
,('2022-04-24','Lazio','Milan',1,2,'Italia',1)
,('2022-04-25','Sassuolo','Juventus',1,2,'Italia',1)
,('2022-04-27','Fiorentina','Udinese',0,4,'Italia',1)
,('2022-04-27','Atalanta','Torino',4,4,'Italia',1)
,('2022-04-27','Bologna','Inter',2,1,'Italia',1)
,('2022-04-30','Cagliari','Verona',1,2,'Italia',1)
,('2022-04-30','Napoli','Sassuolo',6,1,'Italia',1)
,('2022-04-30','Sampdoria','Genoa',1,0,'Italia',1)
,('2022-04-30','Spezia','Lazio',3,4,'Italia',1)
,('2022-05-01','Juventus','Venezia',2,1,'Italia',1)
,('2022-05-01','Empoli','Torino',1,3,'Italia',1)
,('2022-05-01','Milan','Fiorentina',1,0,'Italia',1)
,('2022-05-01','Udinese','Inter',1,2,'Italia',1)
,('2022-05-01','Roma','Bologna',0,0,'Italia',1)
,('2022-05-02','Atalanta','Salernitana',1,1,'Italia',1)
,('2022-05-05','Salernitana','Venezia',2,1,'Italia',1)
,('2022-05-06','Inter','Empoli',4,2,'Italia',1)
,('2022-05-06','Genoa','Juventus',2,1,'Italia',1)
,('2022-05-07','Torino','Napoli',0,1,'Italia',1)
,('2022-05-07','Sassuolo','Udinese',1,1,'Italia',1)
,('2022-05-07','Lazio','Sampdoria',2,0,'Italia',1)
,('2022-05-08','Spezia','Atalanta',1,3,'Italia',1)
,('2022-05-08','Venezia','Bologna',4,3,'Italia',1)
,('2022-05-08','Salernitana','Cagliari',1,1,'Italia',1)
,('2022-05-08','Verona','Milan',1,3,'Italia',1)
,('2022-05-09','Fiorentina','Roma',2,0,'Italia',1)
,('2022-05-14','Empoli','Salernitana',1,1,'Italia',1)
,('2022-05-14','Udinese','Spezia',2,3,'Italia',1)
,('2022-05-14','Verona','Torino',0,1,'Italia',1)
,('2022-05-14','Roma','Venezia',1,1,'Italia',1)
,('2022-05-15','Bologna','Sassuolo',1,3,'Italia',1)
,('2022-05-15','Napoli','Genoa',3,0,'Italia',1)
,('2022-05-15','Milan','Atalanta',2,0,'Italia',1)
,('2022-05-15','Cagliari','Inter',1,3,'Italia',1)
,('2022-05-16','Sampdoria','Fiorentina',4,1,'Italia',1)
,('2022-05-16','Juventus','Lazio',2,2,'Italia',1)
,('2022-05-20','Torino','Roma',0,3,'Italia',1)
,('2022-05-21','Genoa','Bologna',0,1,'Italia',1)
,('2022-05-21','Atalanta','Empoli',0,1,'Italia',1)
,('2022-05-21','Fiorentina','Juventus',2,0,'Italia',1)
,('2022-05-21','Lazio','Verona',3,3,'Italia',1)
,('2022-05-22','Spezia','Napoli',0,3,'Italia',1)
,('2022-05-22','Inter','Sampdoria',3,0,'Italia',1)
,('2022-05-22','Sassuolo','Milan',0,3,'Italia',1)
,('2022-05-22','Salernitana','Udinese',0,4,'Italia',1)
,('2022-05-22','Venezia','Cagliari',0,0,'Italia',1)

-- SERIE B 21-22
,('2021-08-20','Frosinone','Parma',2,2,'Italia',2)
,('2021-08-21','Pordenone','Perugia',0,1,'Italia',2)
,('2021-08-21','Cittadella','Vicenza',1,0,'Italia',2)
,('2021-08-22','Reggina','Monza',0,0,'Italia',2)
,('2021-08-22','Ternana','Brescia',0,2,'Italia',2)
,('2021-08-22','Ascoli','Cosenza',1,0,'Italia',2)
,('2021-08-22','Benevento','Alessandria',4,3,'Italia',2)
,('2021-08-22','Cremonese','Lecce',3,0,'Italia',2)
,('2021-08-22','Crotone','Como',2,2,'Italia',2)
,('2021-08-22','Pisa','Spal',1,0,'Italia',2)
,('2021-08-27','Pisa','Alessandria',2,0,'Italia',2)
,('2021-08-27','Brescia','Cosenza',5,1,'Italia',2)
,('2021-08-28','Vicenza','Frosinone',0,2,'Italia',2)
,('2021-08-28','Perugia','Ascoli',2,3,'Italia',2)
,('2021-08-29','Cittadella','Crotone',4,2,'Italia',2)
,('2021-08-29','Lecce','Como',1,1,'Italia',2)
,('2021-08-29','Monza','Cremonese',1,0,'Italia',2)
,('2021-08-29','Parma','Benevento',1,0,'Italia',2)
,('2021-08-29','Reggina','Ternana',3,2,'Italia',2)
,('2021-08-29','Spal','Pordenone',5,0,'Italia',2)
,('2021-09-10','Benevento','Lecce',0,0,'Italia',2)
,('2021-09-11','Alessandria','Brescia',1,3,'Italia',2)
,('2021-09-11','Como','Ascoli',0,1,'Italia',2)
,('2021-09-11','Frosinone','Perugia',0,0,'Italia',2)
,('2021-09-11','Spal','Monza',1,1,'Italia',2)
,('2021-09-11','Ternana','Pisa',1,4,'Italia',2)
,('2021-09-11','Crotone','Reggina',1,1,'Italia',2)
,('2021-09-12','Cosenza','Vicenza',2,1,'Italia',2)
,('2021-09-12','Cremonese','Cittadella',2,0,'Italia',2)
,('2021-09-12','Pordenone','Parma',0,4,'Italia',2)
,('2021-09-17','Como','Frosinone',0,2,'Italia',2)
,('2021-09-17','Brescia','Crotone',2,2,'Italia',2)
,('2021-09-18','Ascoli','Benevento',0,2,'Italia',2)
,('2021-09-18','Lecce','Alessandria',3,2,'Italia',2)
,('2021-09-18','Monza','Ternana',1,1,'Italia',2)
,('2021-09-18','Perugia','Cosenza',1,1,'Italia',2)
,('2021-09-18','Reggina','Spal',2,1,'Italia',2)
,('2021-09-18','Vicenza','Pisa',1,3,'Italia',2)
,('2021-09-18','Cittadella','Pordenone',1,0,'Italia',2)
,('2021-09-19','Parma','Cremonese',1,2,'Italia',2)
,('2021-09-20','Frosinone','Brescia',2,2,'Italia',2)
,('2021-09-21','Alessandria','Ascoli',1,3,'Italia',2)
,('2021-09-21','Benevento','Cittadella',4,1,'Italia',2)
,('2021-09-21','Cosenza','Como',2,0,'Italia',2)
,('2021-09-21','Crotone','Lecce',0,3,'Italia',2)
,('2021-09-21','Pisa','Monza',2,1,'Italia',2)
,('2021-09-21','Pordenone','Reggina',1,1,'Italia',2)
,('2021-09-21','Spal','Vicenza',3,2,'Italia',2)
,('2021-09-22','Ternana','Parma',3,1,'Italia',2)
,('2021-09-22','Cremonese','Perugia',0,3,'Italia',2)
,('2021-09-25','Ascoli','Brescia',2,3,'Italia',2)
,('2021-09-25','Cittadella','Lecce',1,2,'Italia',2)
,('2021-09-25','Como','Benevento',1,1,'Italia',2)
,('2021-09-25','Monza','Pordenone',3,1,'Italia',2)
,('2021-09-25','Reggina','Frosinone',0,0,'Italia',2)
,('2021-09-25','Cosenza','Crotone',1,0,'Italia',2)
,('2021-09-26','Perugia','Alessandria',1,1,'Italia',2)
,('2021-09-26','Parma','Pisa',1,1,'Italia',2)
,('2021-09-26','Ternana','Spal',1,0,'Italia',2)
,('2021-09-26','Vicenza','Cremonese',0,1,'Italia',2)
,('2021-10-01','Lecce','Monza',3,0,'Italia',2)
,('2021-10-02','Alessandria','Cosenza',1,0,'Italia',2)
,('2021-10-02','Cremonese','Ternana',2,0,'Italia',2)
,('2021-10-02','Crotone','Ascoli',2,2,'Italia',2)
,('2021-10-02','Frosinone','Cittadella',0,1,'Italia',2)
,('2021-10-02','Pisa','Reggina',2,0,'Italia',2)
,('2021-10-02','Spal','Parma',2,2,'Italia',2)
,('2021-10-03','Brescia','Como',2,4,'Italia',2)
,('2021-10-03','Pordenone','Vicenza',2,4,'Italia',2)
,('2021-10-03','Benevento','Perugia',0,0,'Italia',2)
,('2021-10-16','Ascoli','Lecce',1,1,'Italia',2)
,('2021-10-16','Crotone','Pisa',2,1,'Italia',2)
,('2021-10-16','Pordenone','Ternana',1,3,'Italia',2)
,('2021-10-16','Vicenza','Reggina',0,1,'Italia',2)
,('2021-10-16','Cosenza','Frosinone',1,1,'Italia',2)
,('2021-10-16','Perugia','Brescia',1,0,'Italia',2)
,('2021-10-16','Como','Alessandria',2,0,'Italia',2)
,('2021-10-17','Cremonese','Benevento',1,1,'Italia',2)
,('2021-10-17','Parma','Monza',0,0,'Italia',2)
,('2021-10-17','Cittadella','Spal',0,0,'Italia',2)
,('2021-10-22','Alessandria','Crotone',1,0,'Italia',2)
,('2021-10-23','Benevento','Cosenza',3,0,'Italia',2)
,('2021-10-23','Lecce','Perugia',0,0,'Italia',2)
,('2021-10-23','Monza','Cittadella',1,0,'Italia',2)
,('2021-10-23','Ternana','Vicenza',5,0,'Italia',2)
,('2021-10-23','Frosinone','Ascoli',2,1,'Italia',2)
,('2021-10-23','Brescia','Cremonese',1,0,'Italia',2)
,('2021-10-24','Pisa','Pordenone',1,1,'Italia',2)
,('2021-10-24','Reggina','Parma',2,1,'Italia',2)
,('2021-10-24','Spal','Como',1,1,'Italia',2)
,('2021-10-27','Cosenza','Ternana',3,1,'Italia',2)
,('2021-10-27','Vicenza','Monza',1,1,'Italia',2)
,('2021-10-28','Alessandria','Frosinone',1,1,'Italia',2)
,('2021-10-28','Ascoli','Spal',0,1,'Italia',2)
,('2021-10-28','Brescia','Lecce',1,1,'Italia',2)
,('2021-10-28','Cittadella','Parma',1,2,'Italia',2)
,('2021-10-28','Como','Pordenone',1,0,'Italia',2)
,('2021-10-28','Cremonese','Pisa',1,1,'Italia',2)
,('2021-10-28','Crotone','Benevento',0,2,'Italia',2)
,('2021-10-28','Perugia','Reggina',0,2,'Italia',2)
,('2021-11-01','Benevento','Brescia',0,1,'Italia',2)
,('2021-11-01','Frosinone','Crotone',2,1,'Italia',2)
,('2021-11-01','Lecce','Cosenza',3,1,'Italia',2)
,('2021-11-01','Monza','Alessandria',1,0,'Italia',2)
,('2021-11-01','Reggina','Cittadella',0,1,'Italia',2)
,('2021-11-01','Spal','Perugia',1,2,'Italia',2)
,('2021-11-01','Ternana','Como',1,2,'Italia',2)
,('2021-11-01','Parma','Vicenza',1,0,'Italia',2)
,('2021-11-01','Pisa','Ascoli',1,1,'Italia',2)
,('2021-11-01','Pordenone','Cremonese',2,2,'Italia',2)
,('2021-11-05','Cosenza','Reggina',0,1,'Italia',2)
,('2021-11-06','Alessandria','Ternana',0,2,'Italia',2)
,('2021-11-06','Ascoli','Vicenza',2,1,'Italia',2)
,('2021-11-06','Como','Perugia',4,1,'Italia',2)
,('2021-11-06','Cremonese','Spal',1,1,'Italia',2)
,('2021-11-06','Brescia','Pordenone',1,0,'Italia',2)
,('2021-11-06','Benevento','Frosinone',1,4,'Italia',2)
,('2021-11-07','Lecce','Parma',4,0,'Italia',2)
,('2021-11-07','Crotone','Monza',1,1,'Italia',2)
,('2021-11-07','Cittadella','Pisa',2,0,'Italia',2)
,('2021-11-20','Frosinone','Lecce',0,0,'Italia',2)
,('2021-11-20','Pordenone','Ascoli',0,1,'Italia',2)
,('2021-11-20','Spal','Alessandria',2,3,'Italia',2)
,('2021-11-20','Ternana','Cittadella',1,1,'Italia',2)
,('2021-11-20','Perugia','Crotone',2,0,'Italia',2)
,('2021-11-20','Vicenza','Brescia',2,3,'Italia',2)
,('2021-11-21','Parma','Cosenza',1,1,'Italia',2)
,('2021-11-21','Reggina','Cremonese',1,2,'Italia',2)
,('2021-11-21','Monza','Como',3,2,'Italia',2)
,('2021-11-21','Pisa','Benevento',1,0,'Italia',2)
,('2021-11-26','Crotone','Vicenza',0,1,'Italia',2)
,('2021-11-26','Lecce','Ternana',3,3,'Italia',2)
,('2021-11-27','Alessandria','Cremonese',1,0,'Italia',2)
,('2021-11-27','Ascoli','Monza',1,1,'Italia',2)
,('2021-11-27','Benevento','Reggina',4,0,'Italia',2)
,('2021-11-27','Cosenza','Spal',0,1,'Italia',2)
,('2021-11-27','Frosinone','Pordenone',2,2,'Italia',2)
,('2021-11-27','Brescia','Pisa',0,1,'Italia',2)
,('2021-11-27','Perugia','Cittadella',1,1,'Italia',2)
,('2021-11-28','Como','Parma',1,1,'Italia',2)
,('2021-11-29','Ternana','Crotone',1,0,'Italia',2)
,('2021-11-30','Cremonese','Frosinone',1,1,'Italia',2)
,('2021-11-30','Pisa','Perugia',1,1,'Italia',2)
,('2021-11-30','Monza','Cosenza',4,1,'Italia',2)
,('2021-11-30','Pordenone','Alessandria',2,0,'Italia',2)
,('2021-11-30','Reggina','Ascoli',1,2,'Italia',2)
,('2021-11-30','Spal','Lecce',1,3,'Italia',2)
,('2021-11-30','Vicenza','Benevento',2,3,'Italia',2)
,('2021-12-01','Parma','Brescia',0,1,'Italia',2)
,('2021-12-01','Cittadella','Como',2,2,'Italia',2)
,('2021-12-03','Perugia','Vicenza',1,0,'Italia',2)
,('2021-12-04','Benevento','Pordenone',2,1,'Italia',2)
,('2021-12-04','Cosenza','Cremonese',0,2,'Italia',2)
,('2021-12-04','Crotone','Spal',1,2,'Italia',2)
,('2021-12-04','Frosinone','Ternana',1,1,'Italia',2)
,('2021-12-04','Lecce','Reggina',2,0,'Italia',2)
,('2021-12-05','Ascoli','Parma',0,0,'Italia',2)
,('2021-12-05','Como','Pisa',0,1,'Italia',2)
,('2021-12-05','Brescia','Monza',0,2,'Italia',2)
,('2021-12-05','Alessandria','Cittadella',0,1,'Italia',2)
,('2021-12-10','Cremonese','Crotone',3,2,'Italia',2)
,('2021-12-10','Ternana','Benevento',0,2,'Italia',2)
,('2021-12-11','Cittadella','Ascoli',2,0,'Italia',2)
,('2021-12-11','Monza','Frosinone',3,2,'Italia',2)
,('2021-12-11','Pordenone','Cosenza',1,1,'Italia',2)
,('2021-12-11','Spal','Brescia',0,2,'Italia',2)
,('2021-12-11','Pisa','Lecce',1,0,'Italia',2)
,('2021-12-12','Parma','Perugia',1,1,'Italia',2)
,('2021-12-12','Vicenza','Como',0,1,'Italia',2)
,('2021-12-12','Reggina','Alessandria',0,4,'Italia',2)
,('2021-12-18','Ascoli','Cremonese',1,4,'Italia',2)
,('2021-12-18','Como','Reggina',1,1,'Italia',2)
,('2021-12-18','Cosenza','Pisa',0,2,'Italia',2)
,('2021-12-18','Crotone','Pordenone',4,1,'Italia',2)
,('2021-12-18','Frosinone','Spal',4,0,'Italia',2)
,('2021-12-19','Alessandria','Parma',0,2,'Italia',2)
,('2021-12-19','Brescia','Cittadella',1,1,'Italia',2)
,('2021-12-19','Perugia','Ternana',1,1,'Italia',2)
,('2022-01-13','Benevento','Monza',3,1,'Italia',2)
,('2022-01-14','Ternana','Ascoli',2,4,'Italia',2)
,('2022-01-15','Cremonese','Como',2,0,'Italia',2)
,('2022-01-15','Reggina','Brescia',0,2,'Italia',2)
,('2022-01-15','Pisa','Frosinone',1,3,'Italia',2)
,('2022-01-16','Monza','Perugia',2,2,'Italia',2)
,('2022-01-16','Pordenone','Lecce',0,1,'Italia',2)
,('2022-01-16','Spal','Benevento',1,1,'Italia',2)
,('2022-01-21','Parma','Frosinone',0,1,'Italia',2)
,('2022-01-22','Alessandria','Benevento',2,0,'Italia',2)
,('2022-01-22','Brescia','Ternana',1,1,'Italia',2)
,('2022-01-22','Como','Crotone',1,1,'Italia',2)
,('2022-01-22','Cosenza','Ascoli',1,3,'Italia',2)
,('2022-01-22','Monza','Reggina',1,0,'Italia',2)
,('2022-01-22','Spal','Pisa',0,0,'Italia',2)
,('2022-01-22','Perugia','Pordenone',0,1,'Italia',2)
,('2022-01-23','Vicenza','Cittadella',3,3,'Italia',2)
,('2022-01-23','Lecce','Cremonese',2,1,'Italia',2)
,('2022-01-26','Lecce','Vicenza',2,1,'Italia',2)
,('2022-01-30','Cittadella','Cosenza',1,1,'Italia',2)
,('2022-01-30','Parma','Crotone',1,1,'Italia',2)
,('2022-01-30','Vicenza','Alessandria',2,1,'Italia',2)
,('2022-02-05','Alessandria','Pisa',1,1,'Italia',2)
,('2022-02-05','Benevento','Parma',0,0,'Italia',2)
,('2022-02-05','Como','Lecce',1,1,'Italia',2)
,('2022-02-05','Cosenza','Brescia',0,0,'Italia',2)
,('2022-02-05','Crotone','Cittadella',0,0,'Italia',2)
,('2022-02-05','Ternana','Reggina',2,0,'Italia',2)
,('2022-02-05','Frosinone','Vicenza',2,0,'Italia',2)
,('2022-02-05','Ascoli','Perugia',0,1,'Italia',2)
,('2022-02-06','Cremonese','Monza',3,2,'Italia',2)
,('2022-02-06','Pordenone','Spal',1,1,'Italia',2)
,('2022-02-12','Cittadella','Cremonese',0,2,'Italia',2)
,('2022-02-12','Monza','Spal',4,0,'Italia',2)
,('2022-02-12','Parma','Pordenone',4,1,'Italia',2)
,('2022-02-12','Pisa','Ternana',0,0,'Italia',2)
,('2022-02-12','Vicenza','Cosenza',0,0,'Italia',2)
,('2022-02-12','Perugia','Frosinone',3,0,'Italia',2)
,('2022-02-12','Reggina','Crotone',1,0,'Italia',2)
,('2022-02-13','Ascoli','Como',1,1,'Italia',2)
,('2022-02-13','Brescia','Alessandria',1,1,'Italia',2)
,('2022-02-13','Lecce','Benevento',1,1,'Italia',2)
,('2022-02-15','Cosenza','Perugia',1,2,'Italia',2)
,('2022-02-15','Cremonese','Parma',3,1,'Italia',2)
,('2022-02-15','Pisa','Vicenza',2,2,'Italia',2)
,('2022-02-15','Pordenone','Cittadella',0,1,'Italia',2)
,('2022-02-15','Spal','Reggina',1,3,'Italia',2)
,('2022-02-15','Ternana','Monza',0,1,'Italia',2)
,('2022-02-16','Alessandria','Lecce',1,1,'Italia',2)
,('2022-02-16','Benevento','Ascoli',0,2,'Italia',2)
,('2022-02-16','Crotone','Brescia',0,1,'Italia',2)
,('2022-02-16','Frosinone','Como',1,2,'Italia',2)
,('2022-02-19','Ascoli','Alessandria',3,0,'Italia',2)
,('2022-02-19','Monza','Pisa',1,2,'Italia',2)
,('2022-02-19','Parma','Ternana',2,3,'Italia',2)
,('2022-02-19','Reggina','Pordenone',2,0,'Italia',2)
,('2022-02-19','Vicenza','Spal',1,1,'Italia',2)
,('2022-02-19','Perugia','Cremonese',0,0,'Italia',2)
,('2022-02-20','Brescia','Frosinone',2,2,'Italia',2)
,('2022-02-20','Cittadella','Benevento',0,1,'Italia',2)
,('2022-02-20','Como','Cosenza',2,1,'Italia',2)
,('2022-02-20','Lecce','Crotone',3,0,'Italia',2)
,('2022-02-22','Alessandria','Perugia',1,2,'Italia',2)
,('2022-02-22','Cremonese','Vicenza',0,0,'Italia',2)
,('2022-02-22','Pisa','Parma',0,0,'Italia',2)
,('2022-02-22','Pordenone','Monza',1,4,'Italia',2)
,('2022-02-22','Spal','Ternana',5,1,'Italia',2)
,('2022-02-23','Benevento','Como',5,0,'Italia',2)
,('2022-02-23','Brescia','Ascoli',2,0,'Italia',2)
,('2022-02-23','Crotone','Cosenza',3,3,'Italia',2)
,('2022-02-23','Frosinone','Reggina',3,0,'Italia',2)
,('2022-02-23','Lecce','Cittadella',1,2,'Italia',2)
,('2022-02-26','Como','Brescia',1,1,'Italia',2)
,('2022-02-26','Cosenza','Alessandria',2,1,'Italia',2)
,('2022-02-26','Parma','Spal',4,0,'Italia',2)
,('2022-02-26','Ternana','Cremonese',1,2,'Italia',2)
,('2022-02-26','Vicenza','Pordenone',1,0,'Italia',2)
,('2022-02-26','Perugia','Benevento',0,1,'Italia',2)
,('2022-02-27','Ascoli','Crotone',2,1,'Italia',2)
,('2022-02-27','Cittadella','Frosinone',3,0,'Italia',2)
,('2022-02-27','Monza','Lecce',0,1,'Italia',2)
,('2022-02-27','Reggina','Pisa',1,0,'Italia',2)
,('2022-03-01','Benevento','Cremonese',1,1,'Italia',2)
,('2022-03-01','Brescia','Perugia',2,1,'Italia',2)
,('2022-03-01','Ternana','Pordenone',1,0,'Italia',2)
,('2022-03-01','Alessandria','Como',1,1,'Italia',2)
,('2022-03-02','Frosinone','Cosenza',1,0,'Italia',2)
,('2022-03-02','Lecce','Ascoli',3,1,'Italia',2)
,('2022-03-02','Monza','Parma',1,1,'Italia',2)
,('2022-03-02','Pisa','Crotone',3,2,'Italia',2)
,('2022-03-02','Reggina','Vicenza',3,1,'Italia',2)
,('2022-03-02','Spal','Cittadella',0,0,'Italia',2)
,('2022-03-05','Cittadella','Monza',1,2,'Italia',2)
,('2022-03-05','Como','Spal',0,2,'Italia',2)
,('2022-03-05','Parma','Reggina',1,1,'Italia',2)
,('2022-03-05','Pordenone','Pisa',0,1,'Italia',2)
,('2022-03-05','Cremonese','Brescia',2,1,'Italia',2)
,('2022-03-06','Ascoli','Frosinone',1,1,'Italia',2)
,('2022-03-06','Crotone','Alessandria',0,0,'Italia',2)
,('2022-03-06','Perugia','Lecce',1,1,'Italia',2)
,('2022-03-06','Vicenza','Ternana',3,1,'Italia',2)
,('2022-03-11','Parma','Cittadella',1,1,'Italia',2)
,('2022-03-12','Lecce','Brescia',1,1,'Italia',2)
,('2022-03-12','Reggina','Perugia',0,1,'Italia',2)
,('2022-03-12','Ternana','Cosenza',2,0,'Italia',2)
,('2022-03-12','Benevento','Crotone',3,1,'Italia',2)
,('2022-03-12','Frosinone','Alessandria',3,0,'Italia',2)
,('2022-03-12','Monza','Vicenza',4,0,'Italia',2)
,('2022-03-12','Pordenone','Como',1,1,'Italia',2)
,('2022-03-12','Spal','Ascoli',1,2,'Italia',2)
,('2022-03-13','Pisa','Cremonese',3,0,'Italia',2)
,('2022-03-15','Brescia','Benevento',2,2,'Italia',2)
,('2022-03-15','Cittadella','Reggina',0,0,'Italia',2)
,('2022-03-15','Como','Ternana',1,1,'Italia',2)
,('2022-03-15','Cosenza','Lecce',2,2,'Italia',2)
,('2022-03-15','Crotone','Frosinone',2,0,'Italia',2)
,('2022-03-15','Vicenza','Parma',0,1,'Italia',2)
,('2022-03-15','Alessandria','Monza',0,3,'Italia',2)
,('2022-03-16','Ascoli','Pisa',2,0,'Italia',2)
,('2022-03-16','Cremonese','Pordenone',2,1,'Italia',2)
,('2022-03-16','Perugia','Spal',1,1,'Italia',2)
,('2022-03-19','Monza','Crotone',1,0,'Italia',2)
,('2022-03-19','Parma','Lecce',0,0,'Italia',2)
,('2022-03-19','Reggina','Cosenza',1,0,'Italia',2)
,('2022-03-19','Ternana','Alessandria',3,0,'Italia',2)
,('2022-03-19','Frosinone','Benevento',2,0,'Italia',2)
,('2022-03-20','Perugia','Como',0,1,'Italia',2)
,('2022-03-20','Pisa','Cittadella',1,0,'Italia',2)
,('2022-03-20','Vicenza','Ascoli',2,0,'Italia',2)
,('2022-03-20','Pordenone','Brescia',1,1,'Italia',2)
,('2022-03-20','Spal','Cremonese',0,2,'Italia',2)
,('2022-04-02','Alessandria','Spal',2,2,'Italia',2)
,('2022-04-02','Ascoli','Pordenone',1,0,'Italia',2)
,('2022-04-02','Cittadella','Ternana',1,2,'Italia',2)
,('2022-04-02','Cosenza','Parma',1,3,'Italia',2)
,('2022-04-02','Cremonese','Reggina',1,1,'Italia',2)
,('2022-04-02','Lecce','Frosinone',1,0,'Italia',2)
,('2022-04-02','Benevento','Pisa',5,1,'Italia',2)
,('2022-04-03','Brescia','Vicenza',2,0,'Italia',2)
,('2022-04-03','Como','Monza',2,0,'Italia',2)
,('2022-04-03','Crotone','Perugia',1,1,'Italia',2)
,('2022-04-05','Cremonese','Alessandria',2,1,'Italia',2)
,('2022-04-05','Pordenone','Frosinone',2,0,'Italia',2)
,('2022-04-05','Reggina','Benevento',0,3,'Italia',2)
,('2022-04-05','Spal','Cosenza',2,2,'Italia',2)
,('2022-04-05','Ternana','Lecce',1,4,'Italia',2)
,('2022-04-06','Parma','Como',4,3,'Italia',2)
,('2022-04-06','Cittadella','Perugia',0,0,'Italia',2)
,('2022-04-06','Monza','Ascoli',2,0,'Italia',2)
,('2022-04-06','Pisa','Brescia',0,0,'Italia',2)
,('2022-04-06','Vicenza','Crotone',1,1,'Italia',2)
,('2022-04-09','Alessandria','Pordenone',2,0,'Italia',2)
,('2022-04-09','Como','Cittadella',1,2,'Italia',2)
,('2022-04-09','Lecce','Spal',1,0,'Italia',2)
,('2022-04-09','Frosinone','Cremonese',2,1,'Italia',2)
,('2022-04-10','Benevento','Vicenza',1,0,'Italia',2)
,('2022-04-10','Ascoli','Reggina',2,0,'Italia',2)
,('2022-04-10','Cosenza','Monza',0,2,'Italia',2)
,('2022-04-10','Crotone','Ternana',1,2,'Italia',2)
,('2022-04-10','Perugia','Pisa',1,1,'Italia',2)
,('2022-04-11','Brescia','Parma',1,0,'Italia',2)
,('2022-04-14','Cosenza','Benevento',1,0,'Italia',2)
,('2022-04-18','Spal','Crotone',1,1,'Italia',2)
,('2022-04-18','Cremonese','Cosenza',3,1,'Italia',2)
,('2022-04-18','Pordenone','Benevento',1,4,'Italia',2)
,('2022-04-18','Reggina','Lecce',1,0,'Italia',2)
,('2022-04-18','Vicenza','Perugia',1,2,'Italia',2)
,('2022-04-18','Cittadella','Alessandria',1,2,'Italia',2)
,('2022-04-18','Parma','Ascoli',0,1,'Italia',2)
,('2022-04-18','Pisa','Como',3,1,'Italia',2)
,('2022-04-18','Ternana','Frosinone',4,4,'Italia',2)
,('2022-04-18','Monza','Brescia',1,1,'Italia',2)
,('2022-04-25','Ascoli','Cittadella',0,0,'Italia',2)
,('2022-04-25','Alessandria','Reggina',0,0,'Italia',2)
,('2022-04-25','Cosenza','Pordenone',3,1,'Italia',2)
,('2022-04-25','Crotone','Cremonese',3,1,'Italia',2)
,('2022-04-25','Frosinone','Monza',4,1,'Italia',2)
,('2022-04-25','Lecce','Pisa',2,0,'Italia',2)
,('2022-04-25','Benevento','Ternana',1,2,'Italia',2)
,('2022-04-25','Brescia','Spal',1,1,'Italia',2)
,('2022-04-25','Como','Vicenza',0,2,'Italia',2)
,('2022-04-25','Perugia','Parma',2,1,'Italia',2)
,('2022-04-30','Cittadella','Brescia',1,0,'Italia',2)
,('2022-04-30','Cremonese','Ascoli',0,1,'Italia',2)
,('2022-04-30','Monza','Benevento',3,0,'Italia',2)
,('2022-04-30','Parma','Alessandria',2,2,'Italia',2)
,('2022-04-30','Pisa','Cosenza',1,1,'Italia',2)
,('2022-04-30','Pordenone','Crotone',3,3,'Italia',2)
,('2022-04-30','Spal','Frosinone',3,0,'Italia',2)
,('2022-04-30','Ternana','Perugia',1,0,'Italia',2)
,('2022-04-30','Vicenza','Lecce',2,1,'Italia',2)
,('2022-04-30','Reggina','Como',1,4,'Italia',2)
,('2022-05-06','Crotone','Parma',0,1,'Italia',2)
,('2022-05-06','Alessandria','Vicenza',0,1,'Italia',2)
,('2022-05-06','Ascoli','Ternana',4,1,'Italia',2)
,('2022-05-06','Benevento','Spal',1,2,'Italia',2)
,('2022-05-06','Brescia','Reggina',3,0,'Italia',2)
,('2022-05-06','Como','Cremonese',1,2,'Italia',2)
,('2022-05-06','Cosenza','Cittadella',1,0,'Italia',2)
,('2022-05-06','Frosinone','Pisa',1,2,'Italia',2)
,('2022-05-06','Lecce','Pordenone',1,0,'Italia',2)
,('2022-05-06','Perugia','Monza',1,0,'Italia',2)


-- COPPA ITALIA
,('2022-01-18','Juventus','Sampdoria',4,1,'Italia',0)
,('2022-01-19','Sassuolo','Cagliari',1,0,'Italia',0)
,('2022-01-13','Napoli','Fiorentina',2,5,'Italia',0)
,('2022-01-12','Atalanta','Venezia',2,0,'Italia',0)
,('2022-01-13','Milan','Genoa',3,1,'Italia',0)
,('2022-01-18','Lazio','Udinese',1,0,'Italia',0)
,('2022-01-20','Roma','Lecce',3,1,'Italia',0)
,('2022-01-19','Inter','Empoli',3,2,'Italia',0)
,('2022-02-10','Juventus','Sassuolo',2,1,'Italia',0)
,('2022-02-10','Atalanta','Fiorentina',2,3,'Italia',0)
,('2022-02-09','Milan','Lazio',4,0,'Italia',0)
,('2022-02-08','Inter','Roma',2,0,'Italia',0)
,('2022-03-02','Fiorentina','Juventus',0,1,'Italia',0)
,('2022-03-01','Milan','Inter',0,2,'Italia',0)
,('2022-04-20','Juventus','Fiorentina',0,0,'Italia',0)
,('2022-04-19','Inter','Milan',3,0,'Italia',0)
,('2022-05-11','Juventus','Inter',2,4,'Italia',0)
,('2021-01-14','Atalanta','Cagliari',3,1,'Italia',0)
,('2021-01-21','Lazio','Salernitana',2,1,'Italia',0)
,('2021-01-13','Napoli','Empoli',3,2,'Italia',0)
,('2021-01-19','Roma','Spezia',0,3,'Italia',0)
,('2021-01-13','Fiorentina','Inter',1,2,'Italia',0)
,('2021-01-12','Milan','Torino',5,4,'Italia',0)
,('2021-01-14','Sassuolo','Verona',0,2,'Italia',0)
,('2021-01-13','Juventus','Genoa',3,2,'Italia',0)
,('2021-01-27','Atalanta','Lazio',3,2,'Italia',0)
,('2021-01-28','Napoli','Spezia',4,2,'Italia',0)
,('2021-01-26','Inter','Milan',2,1,'Italia',0)
,('2021-01-27','Juventus','Verona',4,0,'Italia',0)
,('2021-02-03','Napoli','Atalanta',0,0,'Italia',0)
,('2021-02-02','Inter','Juventus',1,2,'Italia',0)
,('2021-02-10','Atalanta','Napoli',3,1,'Italia',0)
,('2021-02-09','Juventus','Inter',0,0,'Italia',0)
,('2021-05-19','Atalanta','Juventus',1,2,'Italia',0)
,('2020-01-09','Torino','Genoa',5,3,'Italia',0)
,('2020-01-14','Napoli','Venezia',2,0,'Italia',0)
,('2020-01-14','Lazio','Lecce',4,0,'Italia',0)
,('2020-01-14','Inter','Cagliari',4,1,'Italia',0)
,('2020-01-15','Fiorentina','Atalanta',2,1,'Italia',0)
,('2020-01-15','Milan','Spezia',3,0,'Italia',0)
,('2020-01-15','Juventus','Udinese',4,0,'Italia',0)
,('2020-01-16','Empoli','Roma',0,2,'Italia',0)
,('2020-01-21','Napoli','Lazio',1,0,'Italia',0)
,('2020-01-22','Juventus','Roma',3,1,'Italia',0)
,('2020-01-28','Milan','Torino',4,2,'Italia',0)
,('2020-01-29','Inter','Fiorentina',2,1,'Italia',0)
,('2020-02-12','Inter','Napoli',0,1,'Italia',0)
,('2020-02-13','Milan','Juventus',1,1,'Italia',0)
,('2020-03-12','Juventus','Milan',0,0,'Italia',0)
,('2020-03-13','Napoli','Inter',1,1,'Italia',0)
,('2020-05-19','Napoli','Juventus',4,2,'Italia',0);


INSERT INTO Calciatore(CF,Nome,Cognome,DataNascita,Nazionalita,Numero,Ruolo,Cartellino,Squadra,DataInizio,DataFine) VALUES
 ('LYDWAR19940102FR','Lydon','Warren','1994-01-02','France',35,'CEN',15,'Napoli',NULL,NULL)
,('PATDIE19980729ME','Paton','Dietzler','1998-07-29','Mexico',24,'DIF',27,'Napoli',NULL,NULL)
,('DMIJEA19891206FR','Dmitri','Jeannot','1989-12-06','France',15,'POR',31,'Napoli',NULL,NULL)
,('ALLMCG19850119PO','Allyn','McGill','1985-01-19','Poland',44,'CEN',39,'Napoli',NULL,NULL)
,('LINHIL19980508BR','Link','Hilldrop','1998-05-08','Brazil',30,'ATT',34,'Juventus',NULL,NULL)
,('OTIPIE20011014PO','Otis','Piell','2001-10-14','Portugal',44,'ATT',32,'Juventus',NULL,NULL)
,('STEMOO20000503PO','Stephan','Mooreed','2000-05-03','Poland',23,'POR',57,'Juventus',NULL,NULL)
,('PASWYK19810720FR','Pasquale','Wyke','1981-07-20','France',6,'POR',51,'Juventus',NULL,NULL)
,('AHADWY19850930PO','Aharon','Dwyer','1985-09-30','Poland',22,'DIF',25,'Juventus',NULL,NULL)
,('MUNONN19990404PO','Munmro','Onn','1999-04-04','Portugal',84,'CEN',32,'Inter',NULL,NULL)
,('YEHCOR19931122NE','Yehudit','Corner','1993-11-22','Netherlands',43,'POR',33,'Inter',NULL,NULL)
,('HUNMAY19850808BR','Hunfredo','Mayfield','1985-08-08','Brazil',3,'CEN',59,'Inter',NULL,NULL)
,('GERGLA19850809PO','Gerek','Glaze','1985-08-09','Portugal',81,'ATT',54,'Inter',NULL,NULL)
,('FREMAR19930820PO','Frederico','Marchment','1993-08-20','Portugal',75,'CEN',46,'Inter',NULL,NULL)
,('TOMRUA19900724PO','Tomlin','Ruane','1990-07-24','Poland',11,'ATT',49,'Inter',NULL,NULL)
,('INGYET19900602FR','Ingram','Yetman','1990-06-02','France',72,'DIF',33,NULL,NULL,NULL)
,('QUIPER20020402PO','Quinn','Perone','2002-04-02','Portugal',7,'POR',9,NULL,NULL,NULL)
,('FELABD19951015BR','Felic','Abdon','1995-10-15','Brazil',77,'POR',26,NULL,NULL,NULL)
,('WAVCRA19990123NE','Waverly','Craft','1999-01-23','Netherlands',47,'ATT',18,NULL,NULL,NULL)
,('DEVHAN19961227PO','Devlin','Hantusch','1996-12-27','Poland',20,'ATT',17,NULL,NULL,NULL)
,('MARWHI19950525FR','Marshall','Whitlaw','1995-05-25','France',62,'POR',39,NULL,NULL,NULL)
,('CHEGAL19951121BR','Chester','Galero','1995-11-21','Brazil',49,'ATT',55,NULL,NULL,NULL)
,('KELTHO19840320ME','Kelly','Thomkins','1984-03-20','Mexico',38,'ATT',57,NULL,NULL,NULL)
,('PEPOAT19820101PO','Pepe','Oaten','1982-01-01','Poland',86,'DIF',39,NULL,NULL,NULL)
,('CALHAR19851211FR','Cal','Hardwich','1985-12-11','France',55,'CEN',56,NULL,NULL,NULL)
,('BRADYS19860618PO','Braden','Dyson','1986-06-18','Poland',1,'DIF',45,NULL,NULL,NULL)
,('STAHAW19950710SP','Stanleigh','Hawtry','1995-07-10','Spain',85,'POR',20,NULL,NULL,NULL)
,('BALHOB19920706FR','Bald','Hobden','1992-07-06','France',93,'DIF',30,NULL,NULL,NULL)
,('MERROB19991202PO','Merwin','Robyns','1999-12-02','Poland',63,'DIF',12,NULL,NULL,NULL)
,('GIBLOY19820805ME','Gibbie','Loynton','1982-08-05','Mexico',32,'CEN',42,NULL,NULL,NULL)
,('NOBNIN19850309FR','Noble','Ninnoli','1985-03-09','France',30,'POR',14,NULL,NULL,NULL)
,('BARODA19931217PO','Barclay','Odam','1993-12-17','Poland',97,'DIF',52,NULL,NULL,NULL)
,('CALRAL19831020FR','Calhoun','Ralston','1983-10-20','France',32,'CEN',15,NULL,NULL,NULL)
,('MAUMCI19931024FR','Maurise','McIndrew','1993-10-24','France',92,'POR',6,NULL,NULL,NULL)
,('EDDROM19910629PO','Eddy','Romei','1991-06-29','Poland',18,'ATT',13,NULL,NULL,NULL)
,('CURGRI19900912FR','Curcio','Grisbrook','1990-09-12','France',63,'ATT',5,NULL,NULL,NULL)
,('FEESHA19830202FR','Fee','Shatford','1983-02-02','France',42,'CEN',50,NULL,NULL,NULL)
,('ETHFEA20001021FR','Ethan','Feakins','2000-10-21','France',69,'ATT',36,NULL,NULL,NULL)
,('EMLFUR19950709BR','Emlyn','Furse','1995-07-09','Brazil',30,'CEN',21,NULL,NULL,NULL)
,('OTETIB19951202FR','Otes','Tibb','1995-12-02','France',56,'DIF',8,NULL,NULL,NULL)
,('SHEGRI19960525FR','Shermie','Grieveson','1996-05-25','France',58,'ATT',54,NULL,NULL,NULL)
,('GALCOA19940109FR','Galvan','Coathup','1994-01-09','France',65,'ATT',9,NULL,NULL,NULL)
,('ALLGOT19841230PO','Allin','Gotecliffe','1984-12-30','Portugal',12,'ATT',10,NULL,NULL,NULL)
,('OBAVER19830602FR','Obadiah','Verralls','1983-06-02','France',95,'DIF',50,NULL,NULL,NULL)
,('STAFOL19990706PO','Stanley','Folker','1999-07-06','Poland',96,'POR',6,NULL,NULL,NULL)
,('ERSSIG19911010GE','Erskine','Siggery','1991-10-10','Germany',23,'POR',11,NULL,NULL,NULL)
,('JAMBAL19880504ME','Jamesy','Balducci','1988-05-04','Mexico',8,'ATT',18,NULL,NULL,NULL)
,('CREGRI19881021BR','Creighton','Grigolli','1988-10-21','Brazil',99,'DIF',56,NULL,NULL,NULL)
,('GARPYR20001012FR','Gardie','Pyrke','2000-10-12','France',75,'CEN',60,NULL,NULL,NULL)
,('ORRSHO19820812GE','Orran','Showler','1982-08-12','Germany',89,'ATT',11,NULL,NULL,NULL)
,('ENNDIM19851027PO','Ennis','Di Matteo','1985-10-27','Poland',40,'CEN',3,NULL,NULL,NULL)
,('GAGGIR19971007PO','Gage','Girogetti','1997-10-07','Poland',81,'ATT',46,NULL,NULL,NULL)
,('IORBRO19990314FR','Iorgo','Brownsett','1999-03-14','France',36,'DIF',28,NULL,NULL,NULL)
,('MUNPAS19870623FR','Munmro','Pashan','1987-06-23','France',26,'CEN',41,NULL,NULL,NULL)
,('BROBRA19860718PO','Broderick','Braidwood','1986-07-18','Portugal',8,'ATT',32,NULL,NULL,NULL)
,('KIMMCC19861020PO','Kimbell','McCrisken','1986-10-20','Poland',61,'DIF',12,NULL,NULL,NULL)
,('THAHIN19891106PO','Thayne','Hinemoor','1989-11-06','Portugal',36,'POR',28,NULL,NULL,NULL)
,('CLESTO20010330ME','Clemmy','Stogill','2001-03-30','Mexico',32,'POR',17,NULL,NULL,NULL)
,('WILRIK19890417BR','Wilmar','Rikard','1989-04-17','Brazil',93,'DIF',26,NULL,NULL,NULL)
,('YULPRI19980126PO','Yul','Prinett','1998-01-26','Poland',64,'CEN',38,NULL,NULL,NULL)
,('ALDPOZ19880405PO','Aldous','Poznan','1988-04-05','Poland',56,'CEN',27,NULL,NULL,NULL)
,('BOBHAY20011105BR','Bobby','Haythornthwaite','2001-11-05','Brazil',40,'POR',32,NULL,NULL,NULL)
,('ROCTRE19861211PO','Rock','Trehearne','1986-12-11','Portugal',58,'DIF',52,NULL,NULL,NULL)
,('JEFTEB19930816BR','Jefferey','Tebbut','1993-08-16','Brazil',88,'CEN',21,NULL,NULL,NULL)
,('LIEFRI19931122FR','Lief','Frie','1993-11-22','France',28,'CEN',20,NULL,NULL,NULL)
,('GLYSHI20010410BR','Glynn','Shinton','2001-04-10','Brazil',25,'POR',26,NULL,NULL,NULL)
,('CURCLA20020312BR','Curr','Claye','2002-03-12','Brazil',32,'POR',6,NULL,NULL,NULL)
,('FERCAM19900217PO','Ferrell','Camin','1990-02-17','Poland',69,'CEN',39,NULL,NULL,NULL)
,('FLEYAI20010806PO','Flem','Yair','2001-08-06','Portugal',94,'CEN',30,NULL,NULL,NULL)
,('LOYBEA19840422PO','Loy','Beacom','1984-04-22','Poland',72,'CEN',24,NULL,NULL,NULL)
,('JESTWE19880501PO','Jesus','Tweedy','1988-05-01','Poland',46,'CEN',48,NULL,NULL,NULL)
,('NIEANE19820204FR','Niels','Anelay','1982-02-04','France',54,'CEN',9,NULL,NULL,NULL)
,('NIKPET20000827PO','Nikki','Petrus','2000-08-27','Portugal',56,'CEN',8,NULL,NULL,NULL)
,('ELMLUS19811207PO','Elmer','Lusgdin','1981-12-07','Portugal',8,'POR',9,NULL,NULL,NULL)
,('MYRSET19971108PO','Myron','Settle','1997-11-08','Portugal',73,'POR',48,NULL,NULL,NULL)
,('RANVEL19810629FR','Rancell','Veltmann','1981-06-29','France',61,'ATT',43,NULL,NULL,NULL)
,('TEDDOR19900702PO','Tedd','Doran','1990-07-02','Poland',91,'ATT',52,NULL,NULL,NULL)
,('JUDBLE19851030FR','Judah','Bleyman','1985-10-30','France',3,'DIF',11,NULL,NULL,NULL)
,('YEHGLA19921012PO','Yehudit','Glasper','1992-10-12','Poland',19,'CEN',12,NULL,NULL,NULL)
,('MANPAW19930310BR','Manny','Pawlaczyk','1993-03-10','Brazil',57,'POR',31,NULL,NULL,NULL)
,('SKIBID19801123PO','Skipp','Biddwell','1980-11-23','Portugal',38,'CEN',26,NULL,NULL,NULL)
,('VERCLY19860213ME','Verney','Clyburn','1986-02-13','Mexico',80,'DIF',30,NULL,NULL,NULL)
,('LEOGAN19960814ME','Leonid','Gannicleff','1996-08-14','Mexico',64,'CEN',47,NULL,NULL,NULL)
,('TYSCOR19970420PO','Tyson','Corteney','1997-04-20','Poland',86,'DIF',39,NULL,NULL,NULL)
,('VINCAN19840113BR','Vince','Cancelier','1984-01-13','Brazil',44,'DIF',42,NULL,NULL,NULL)
,('ARNBEN20010304FR','Arnie','Bentham','2001-03-04','France',53,'POR',49,NULL,NULL,NULL)
,('SAUDAN19860612PO','Saunder','Dangl','1986-06-12','Poland',37,'CEN',37,NULL,NULL,NULL)
,('SHESCA19880912BR','Sherlock','Scarsbrooke','1988-09-12','Brazil',2,'DIF',9,NULL,NULL,NULL)
,('VERFLI19820604PO','Vernor','Flintoff','1982-06-04','Poland',15,'POR',38,NULL,NULL,NULL)
,('SVEBEI19930621PO','Sven','Beininck','1993-06-21','Poland',15,'CEN',4,NULL,NULL,NULL)
,('BERGIT20020220FR','Berton','Gitting','2002-02-20','France',45,'POR',21,NULL,NULL,NULL)
,('BREMUS20010830ME','Brendin','Musselwhite','2001-08-30','Mexico',76,'DIF',10,NULL,NULL,NULL)
,('KILBEN19950917SP','Kiley','Benbow','1995-09-17','Spain',97,'POR',47,NULL,NULL,NULL)
,('DURLAT19961101PO','Durand','Latter','1996-11-01','Poland',94,'CEN',60,NULL,NULL,NULL)
,('CASMCG19971022BR','Cash','McGooch','1997-10-22','Brazil',13,'DIF',4,NULL,NULL,NULL)
,('HASELD19960718PO','Hastie','Elders','1996-07-18','Poland',53,'DIF',22,NULL,NULL,NULL)
,('NEDPOH20010827FR','Neddy','Pohls','2001-08-27','France',71,'CEN',44,NULL,NULL,NULL)
,('HANGUI19970107BR','Hank','Guinn','1997-01-07','Brazil',14,'DIF',56,NULL,NULL,NULL)
,('JONKEY19860628PO','Jon','Keysall','1986-06-28','Portugal',32,'ATT',57,NULL,NULL,NULL)
,('THEEVE19920330PO','Theodoric','Everson','1992-03-30','Poland',37,'ATT',23,NULL,NULL,NULL)
,('SKELOR19971124PO','Skelly','Loren','1997-11-24','Poland',7,'CEN',27,NULL,NULL,NULL)
,('KELZUP20010908PO','Kelley','Zupone','2001-09-08','Poland',64,'CEN',27,NULL,NULL,NULL)
,('DORITH20020308BR','Dorie','Ithell','2002-03-08','Brazil',51,'POR',60,NULL,NULL,NULL)
,('PEYMAC19811028FR','Peyter','Macauley','1981-10-28','France',56,'DIF',12,NULL,NULL,NULL)
,('EMMCHA19900502PO','Emmit','Chaulk','1990-05-02','Poland',86,'POR',28,NULL,NULL,NULL)
,('ANTANW19860418PO','Antoine','Anwell','1986-04-18','Portugal',12,'POR',11,NULL,NULL,NULL)
,('DIOCHE19910114PO','Dion','Cheavin','1991-01-14','Portugal',37,'POR',46,NULL,NULL,NULL)
,('WALEFF19930228PO','Wallis','Efford','1993-02-28','Poland',88,'ATT',39,NULL,NULL,NULL)
,('WYLAIR19970617SP','Wylie','Airy','1997-06-17','Spain',30,'POR',5,NULL,NULL,NULL)
,('HAMGUS20011201SP','Hamel','Guslon','2001-12-01','Spain',61,'POR',55,NULL,NULL,NULL)
,('PAPPYR19890625BR','Papageno','Pyrah','1989-06-25','Brazil',60,'POR',36,NULL,NULL,NULL)
,('NOLCUL19910111FR','Nollie','Culy','1991-01-11','France',96,'POR',39,NULL,NULL,NULL)
,('GARMAR20010530PO','Garreth','Marchetti','2001-05-30','Poland',8,'CEN',8,NULL,NULL,NULL)
,('ARLSAI19830729BR','Arlen','Saill','1983-07-29','Brazil',66,'DIF',24,NULL,NULL,NULL)
,('BRECHA19970203PO','Brennen','Chamberlin','1997-02-03','Portugal',27,'ATT',40,NULL,NULL,NULL)
,('CASREA19810709PO','Case','Readwing','1981-07-09','Poland',25,'ATT',28,NULL,NULL,NULL)
,('ARCCAP19880811PO','Archibold','Capnerhurst','1988-08-11','Portugal',95,'DIF',12,NULL,NULL,NULL)
,('GREMAC19970201FR','Grenville','MacDermot','1997-02-01','France',6,'ATT',51,NULL,NULL,NULL)
,('CONVED19940525FR','Constantin','Vedenisov','1994-05-25','France',67,'ATT',12,NULL,NULL,NULL)
,('CLAGAG19840405PO','Claudianus','Gagen','1984-04-05','Portugal',52,'DIF',19,NULL,NULL,NULL)
,('SYDBOU20001210PO','Sydney','Bourcq','2000-12-10','Poland',22,'POR',13,NULL,NULL,NULL)
,('MAGASP19800709ME','Magnum','Asprey','1980-07-09','Mexico',8,'ATT',4,NULL,NULL,NULL)
,('TALRYH19850205PO','Talbot','Ryhorovich','1985-02-05','Portugal',89,'ATT',37,NULL,NULL,NULL)
,('WESROB20000312BR','Wes','Robertsen','2000-03-12','Brazil',4,'CEN',41,NULL,NULL,NULL)
,('BARSHW19891124BR','Bartholomew','Shwenn','1989-11-24','Brazil',6,'ATT',42,NULL,NULL,NULL)
,('CORWEE20011029ME','Corey','Weeds','2001-10-29','Mexico',22,'DIF',9,NULL,NULL,NULL)
,('ORLLOU19971018BR','Orland','Louch','1997-10-18','Brazil',51,'CEN',13,NULL,NULL,NULL)
,('NIKKIN19900104PO','Niki','Kingshott','1990-01-04','Portugal',55,'POR',57,NULL,NULL,NULL)
,('BENMCK19810513SP','Bentley','McKellen','1981-05-13','Spain',30,'DIF',26,NULL,NULL,NULL)
,('TEOWAR19870804FR','Teodor','Warrillow','1987-08-04','France',4,'ATT',30,NULL,NULL,NULL)
,('GORSHA19970225FR','Gordy','Sharpus','1997-02-25','France',92,'CEN',17,NULL,NULL,NULL)
,('WALJOS19841219PO','Wallie','Josowitz','1984-12-19','Portugal',7,'ATT',28,NULL,NULL,NULL)
,('JAMRAN19971123ME','Jamal','Ranyelld','1997-11-23','Mexico',42,'CEN',6,NULL,NULL,NULL)
,('MICBLE19970430BR','Mickie','Blenkin','1997-04-30','Brazil',51,'ATT',51,NULL,NULL,NULL)
,('SPEVEL19870111ME','Spence','Veljes','1987-01-11','Mexico',69,'ATT',24,NULL,NULL,NULL)
,('BARDON19850620PO','Barret','Donoher','1985-06-20','Portugal',1,'CEN',17,NULL,NULL,NULL)
,('HIRCAP19820429PO','Hiram','Capitano','1982-04-29','Portugal',75,'ATT',18,NULL,NULL,NULL)
,('HERBRA19970226GE','Hermann','Brazur','1997-02-26','Germany',55,'POR',33,NULL,NULL,NULL)
,('SAYCOL19950402FR','Sayer','Colles','1995-04-02','France',45,'DIF',33,NULL,NULL,NULL)
,('ARMFOR20000118BR','Arman','Fortye','2000-01-18','Brazil',48,'ATT',14,NULL,NULL,NULL)
,('SHASTU19951021PO','Shayne','Stuther','1995-10-21','Portugal',19,'ATT',55,NULL,NULL,NULL)
,('HURUPW20001108BR','Hurley','Upwood','2000-11-08','Brazil',76,'DIF',27,NULL,NULL,NULL)
,('FORKIN19850221ME','Forrest','Kinsley','1985-02-21','Mexico',21,'ATT',51,NULL,NULL,NULL)
,('GIAMCE19820107PO','Gian','McEvon','1982-01-07','Poland',30,'DIF',13,NULL,NULL,NULL)
,('KINCOS19920624PO','Kinsley','Cosley','1992-06-24','Portugal',25,'POR',37,NULL,NULL,NULL)
,('BENHAT19970405FR','Bendicty','Hatton','1997-04-05','France',7,'DIF',50,NULL,NULL,NULL)
,('ALEBOS19960928PO','Alexandr','Bosworth','1996-09-28','Poland',91,'CEN',3,NULL,NULL,NULL)
,('JEDKEM19850411UN','Jed','Kempton','1985-04-11','United Kingdom',43,'ATT',17,NULL,NULL,NULL)
,('ASABAR19890407FR','Asa','Barrett','1989-04-07','France',39,'POR',54,NULL,NULL,NULL)
,('JERMCG19920814PO','Jeramey','McGowan','1992-08-14','Portugal',9,'DIF',45,NULL,NULL,NULL)
,('DERDAS19880410SP','Derry','Dast','1988-04-10','Spain',38,'CEN',40,NULL,NULL,NULL)
,('TITMEW19950210BR','Titos','Mewburn','1995-02-10','Brazil',38,'DIF',11,NULL,NULL,NULL)
,('CASSAB20010919PO','Cassie','Sabbatier','2001-09-19','Poland',88,'DIF',59,NULL,NULL,NULL)
,('AHMMUD19970424BR','Ahmed','Mudge','1997-04-24','Brazil',89,'DIF',44,NULL,NULL,NULL)
,('BERAVR19970215SP','Berkley','Avramovitz','1997-02-15','Spain',9,'CEN',18,NULL,NULL,NULL)
,('MERSTE19870710FR','Merle','Steanson','1987-07-10','France',5,'POR',50,NULL,NULL,NULL)
,('KAYROM19960823UN','Kayne','Romanet','1996-08-23','United Kingdom',37,'CEN',23,NULL,NULL,NULL)
,('OLLHED19961011PO','Olly','Heddon','1996-10-11','Poland',91,'DIF',8,NULL,NULL,NULL)
,('PANSCU19860422BR','Panchito','Scuffham','1986-04-22','Brazil',27,'DIF',25,NULL,NULL,NULL)
,('OBAHOF19840828FR','Obadias','Hoffmann','1984-08-28','France',65,'ATT',18,NULL,NULL,NULL)
,('CULGIV19900506FR','Cull','Given','1990-05-06','France',73,'POR',7,NULL,NULL,NULL)
,('WALORB19920918PO','Wally','Orbon','1992-09-18','Portugal',12,'ATT',44,NULL,NULL,NULL)
,('SAURIC19890615PO','Sauveur','Ricciardo','1989-06-15','Poland',45,'CEN',23,NULL,NULL,NULL)
,('GARHUR19800923FR','Garrek','Hurford','1980-09-23','France',81,'POR',24,NULL,NULL,NULL)
,('RODREN19931214PO','Rodger','Rentalll','1993-12-14','Poland',25,'CEN',8,NULL,NULL,NULL)
,('KINSMA20000427PO','Kingsly','Smallcombe','2000-04-27','Poland',28,'ATT',6,NULL,NULL,NULL)
,('CHAMUE19860616PO','Chase','Mueller','1986-06-16','Poland',87,'ATT',33,NULL,NULL,NULL)
,('LLELAI19980427BR','Llewellyn','Laingmaid','1998-04-27','Brazil',12,'CEN',8,NULL,NULL,NULL)
,('DEWSHO19851004PO','Dewey','Shory','1985-10-04','Poland',94,'ATT',19,NULL,NULL,NULL)
,('OZZFLA19960909BR','Ozzy','Flahive','1996-09-09','Brazil',71,'ATT',47,NULL,NULL,NULL)
,('BRATUR19801029PO','Braden','Turpey','1980-10-29','Poland',64,'POR',25,NULL,NULL,NULL)
,('JULMUS19921222PO','Julius','Muskett','1992-12-22','Poland',59,'POR',40,NULL,NULL,NULL)
,('ERRIIA19901223BR','Errick','Iiannone','1990-12-23','Brazil',2,'ATT',24,NULL,NULL,NULL)
,('CORBRA19950706BR','Corny','Brahm','1995-07-06','Brazil',8,'POR',55,NULL,NULL,NULL)
,('XYMMER19980604BR','Xymenes','Mertin','1998-06-04','Brazil',30,'DIF',15,NULL,NULL,NULL)
,('JANSMI19910428PO','Janek','Smithyman','1991-04-28','Portugal',14,'CEN',11,NULL,NULL,NULL)
,('TRASHE20000907PO','Traver','Shearmer','2000-09-07','Portugal',67,'CEN',42,NULL,NULL,NULL)
,('SIBHAR19920425FR','Sibyl','Hardaker','1992-04-25','France',81,'DIF',47,NULL,NULL,NULL)
,('DENCHI19951105PO','Denny','Chittey','1995-11-05','Poland',65,'DIF',35,NULL,NULL,NULL)
,('SHESNA19961112PO','Sherman','Snawdon','1996-11-12','Portugal',98,'CEN',39,NULL,NULL,NULL)
,('JASSAV19971118FR','Jase','Savell','1997-11-18','France',74,'DIF',40,NULL,NULL,NULL)
,('BARGOO19941225FR','Barbabas','Goodier','1994-12-25','France',33,'DIF',52,NULL,NULL,NULL)
,('BAIWHA19970502BR','Baird','Whaplington','1997-05-02','Brazil',14,'CEN',15,NULL,NULL,NULL)
,('PETREU19820726PO','Pete','Reucastle','1982-07-26','Portugal',82,'DIF',30,NULL,NULL,NULL)
,('ADAFEL19830908BR','Adam','Feldklein','1983-09-08','Brazil',94,'POR',57,NULL,NULL,NULL)
,('FREWHA19850221FR','Frederick','Wharfe','1985-02-21','France',14,'ATT',54,NULL,NULL,NULL)
,('TYRNER19950606NE','Tyrus','Nerney','1995-06-06','Netherlands',2,'CEN',46,NULL,NULL,NULL)
,('CARSAL19910521NE','Carleton','Sallnow','1991-05-21','Netherlands',52,'CEN',48,NULL,NULL,NULL)
,('LUCJEA19930501BR','Luce','Jeannet','1993-05-01','Brazil',6,'CEN',44,NULL,NULL,NULL)
,('MASCLI19921108PO','Mason','Clitheroe','1992-11-08','Poland',64,'DIF',44,NULL,NULL,NULL)
,('CLAMIL19970418BR','Clarence','Milborn','1997-04-18','Brazil',63,'POR',60,NULL,NULL,NULL)
,('MORABB19800530PO','Morey','Abbys','1980-05-30','Poland',22,'DIF',48,NULL,NULL,NULL)
,('MARRED19850703BR','Marsh','Redmille','1985-07-03','Brazil',84,'ATT',15,NULL,NULL,NULL)
,('XENPAL19950412PO','Xenos','Palmar','1995-04-12','Portugal',17,'DIF',13,NULL,NULL,NULL)
,('RUTTRA19890914PO','Rutger','Trainor','1989-09-14','Portugal',5,'POR',39,NULL,NULL,NULL)
,('IZAJAN19950206PO','Izaak','Janosevic','1995-02-06','Portugal',84,'ATT',44,NULL,NULL,NULL)
,('BAXLUN19920412PO','Baxy','Lunn','1992-04-12','Portugal',21,'POR',23,NULL,NULL,NULL)
,('ROLLOR19980420ME','Rolland','Lord','1998-04-20','Mexico',86,'DIF',16,NULL,NULL,NULL)
,('MILTRO19910714PO','Milton','Trowle','1991-07-14','Portugal',39,'POR',10,NULL,NULL,NULL)
,('JERSOU19870914PO','Jerome','Southernwood','1987-09-14','Poland',10,'DIF',39,NULL,NULL,NULL)
,('EDGOLL19861004FR','Edgar','Ollive','1986-10-04','France',77,'CEN',30,NULL,NULL,NULL)
,('BALHAL19850913BR','Balduin','Hallum','1985-09-13','Brazil',65,'POR',57,NULL,NULL,NULL)
,('HURSTA19840528PO','Hurlee','Starrs','1984-05-28','Portugal',77,'ATT',31,NULL,NULL,NULL)
,('BRIYAK19950320FR','Britt','Yakubovics','1995-03-20','France',38,'ATT',29,NULL,NULL,NULL)
,('PERHEN19880425BR','Perice','Hentzeler','1988-04-25','Brazil',5,'ATT',46,NULL,NULL,NULL)
,('ROYALL20010613PO','Royal','Allday','2001-06-13','Portugal',33,'POR',10,NULL,NULL,NULL)
,('GUSCHA19940308BR','Gustav','Chate','1994-03-08','Brazil',21,'DIF',34,NULL,NULL,NULL)
,('NICFRA20011117PO','Nichols','France','2001-11-17','Portugal',99,'CEN',9,NULL,NULL,NULL)
,('TERAYE19900409BR','Terry','Ayer','1990-04-09','Brazil',49,'POR',54,NULL,NULL,NULL)
,('CULBRO19980123BR','Culver','Bronger','1998-01-23','Brazil',9,'ATT',20,NULL,NULL,NULL)
,('JORBLE19840614PO','Jory','Bleyman','1984-06-14','Poland',85,'CEN',13,NULL,NULL,NULL)
,('MARFER19831224FR','Marcel','Ferrand','1983-12-24','France',54,'DIF',35,NULL,NULL,NULL)
,('ULRCHE19870311FR','Ulric','Cheake','1987-03-11','France',19,'DIF',29,NULL,NULL,NULL)
,('PRICOC20000113BR','Prince','Cochet','2000-01-13','Brazil',37,'CEN',34,NULL,NULL,NULL)
,('DUNSTE19990523BR','Dunn','Steanyng','1999-05-23','Brazil',80,'CEN',21,NULL,NULL,NULL)
,('ELLCAL19891019PO','Elliott','Caldairou','1989-10-19','Poland',93,'ATT',7,NULL,NULL,NULL)
,('CODEAS19880709PO','Cody','Easton','1988-07-09','Poland',46,'ATT',56,NULL,NULL,NULL)
,('RENRIC20011022PO','Renaldo','Riccione','2001-10-22','Poland',55,'CEN',22,NULL,NULL,NULL)
,('KIPPUR19810426PO','Kip','Purviss','1981-04-26','Poland',18,'ATT',25,NULL,NULL,NULL)
,('WINMAC19950112FR','Winn','MacDonald','1995-01-12','France',6,'DIF',48,NULL,NULL,NULL)
,('HALSEB19860622PO','Hale','Sebrens','1986-06-22','Poland',99,'CEN',15,NULL,NULL,NULL)
,('DAVDAN19990928ME','Dav','Daniello','1999-09-28','Mexico',79,'ATT',34,NULL,NULL,NULL)
,('TADBOW20010221BR','Tadeo','Bowfin','2001-02-21','Brazil',65,'DIF',6,NULL,NULL,NULL)
,('MAUVAN19830508PO','Maurits','Van der Baaren','1983-05-08','Portugal',48,'DIF',33,NULL,NULL,NULL)
,('TREGOG19960912FR','Trever','Gogin','1996-09-12','France',16,'DIF',53,NULL,NULL,NULL)
,('ABEFEL19981023PO','Abey','Feldmus','1998-10-23','Portugal',65,'POR',26,NULL,NULL,NULL)
,('FEOLYS19900107FR','Feodor','Lys','1990-01-07','France',14,'CEN',38,NULL,NULL,NULL)
,('SHACON20011228ME','Shamus','Conradie','2001-12-28','Mexico',94,'ATT',32,NULL,NULL,NULL)
,('JEFAND19881124PO','Jeffie','Andree','1988-11-24','Portugal',91,'ATT',44,NULL,NULL,NULL)
,('NEABOU19801010FR','Neal','Boulger','1980-10-10','France',27,'POR',41,NULL,NULL,NULL)
,('ELDMOY19990320ME','Eldon','Moyers','1999-03-20','Mexico',90,'ATT',21,NULL,NULL,NULL)
,('ESTBIS20000602BR','Esteban','Biset','2000-06-02','Brazil',81,'POR',52,NULL,NULL,NULL)
,('ARMCOL19890507BR','Armando','Collen','1989-05-07','Brazil',9,'DIF',31,NULL,NULL,NULL)
,('ZACMAN19891129FR','Zaccaria','Mangenot','1989-11-29','France',71,'POR',34,NULL,NULL,NULL)
,('FINAPD19840529PO','Finn','Apdell','1984-05-29','Portugal',90,'DIF',52,NULL,NULL,NULL)
,('TRSRAC19990814BR','Trstram','Rackstraw','1999-08-14','Brazil',15,'CEN',34,NULL,NULL,NULL)
,('NILREA19970322FR','Nils','Reay','1997-03-22','France',82,'POR',11,NULL,NULL,NULL)
,('TRELOR19960717FR','Trevor','Lorking','1996-07-17','France',80,'POR',32,NULL,NULL,NULL)
,('KEAWRE20011209PO','Kearney','Wrenn','2001-12-09','Poland',59,'DIF',52,NULL,NULL,NULL)
,('CLALAR20000602FR','Claus','Larrington','2000-06-02','France',32,'ATT',56,NULL,NULL,NULL)
,('HERCHE19850624PO','Hernando','Chesley','1985-06-24','Portugal',7,'CEN',21,NULL,NULL,NULL)
,('WEBRIC19960519BR','Webster','Ricards','1996-05-19','Brazil',84,'CEN',55,NULL,NULL,NULL)
,('ASAMOR20020320BR','Asa','Mordon','2002-03-20','Brazil',76,'DIF',28,NULL,NULL,NULL)
,('WHIKEN19801226BR','Whittaker','Kennham','1980-12-26','Brazil',92,'ATT',12,NULL,NULL,NULL)
,('VALLON19850725BR','Valentijn','Longland','1985-07-25','Brazil',43,'ATT',40,NULL,NULL,NULL)
,('CASMCE19820403ME','Cass','McEniry','1982-04-03','Mexico',75,'ATT',41,NULL,NULL,NULL)
,('ERHSKE19980314PO','Erhart','Skelhorn','1998-03-14','Portugal',94,'POR',30,NULL,NULL,NULL)
,('AYMCRO19851030FR','Aymer','Croad','1985-10-30','France',63,'POR',5,NULL,NULL,NULL)
,('SKIHOP19810123ME','Skipper','Hopkyns','1981-01-23','Mexico',64,'POR',35,NULL,NULL,NULL)
,('CLAPAT19840321FR','Claudianus','Patey','1984-03-21','France',2,'CEN',36,NULL,NULL,NULL)
,('LARMAC19801005PO','Lars','MacSkeagan','1980-10-05','Portugal',42,'CEN',10,NULL,NULL,NULL)
,('EDORAN19860413PO','Edouard','Ranner','1986-04-13','Poland',19,'CEN',33,NULL,NULL,NULL)
,('CLIRIP19800721ME','Clive','Ripon','1980-07-21','Mexico',44,'ATT',46,NULL,NULL,NULL)
,('MARDEP19811026BR','Marlo','Depka','1981-10-26','Brazil',89,'ATT',9,NULL,NULL,NULL)
,('ALICLA19951217FR','Alic','Clail','1995-12-17','France',75,'POR',29,NULL,NULL,NULL)
,('REAHUR19871116PO','Reamonn','Hurch','1987-11-16','Portugal',78,'ATT',42,NULL,NULL,NULL)
,('FEDGRE19960908ME','Federico','Greste','1996-09-08','Mexico',65,'ATT',12,NULL,NULL,NULL)
,('LEUDEA19910115BR','Leupold','Deans','1991-01-15','Brazil',1,'ATT',3,NULL,NULL,NULL)
,('KYLGRA19840821ME','Kyle','Grabbam','1984-08-21','Mexico',98,'ATT',60,NULL,NULL,NULL)
,('ROLWES19991226FR','Rolando','Westall','1999-12-26','France',25,'DIF',42,NULL,NULL,NULL)
,('IGNDUN19980131BR','Ignacius','Dunster','1998-01-31','Brazil',5,'ATT',36,NULL,NULL,NULL)
,('GIUAND19850327PO','Giulio','Andrys','1985-03-27','Poland',64,'CEN',37,NULL,NULL,NULL)
,('AMEJEL19810702PO','Amerigo','Jellyman','1981-07-02','Portugal',90,'ATT',28,NULL,NULL,NULL)
,('NICORR19800729PO','Nicholas','Orriss','1980-07-29','Portugal',48,'DIF',7,NULL,NULL,NULL)
,('NIGSUD19980719FR','Nigel','Suddick','1998-07-19','France',69,'DIF',34,NULL,NULL,NULL)
,('CORILL19990402BR','Corty','Illston','1999-04-02','Brazil',18,'DIF',22,NULL,NULL,NULL)
,('MIKMAT19801028BR','Mikel','Mateus','1980-10-28','Brazil',25,'ATT',28,NULL,NULL,NULL)
,('PENASK19850131PO','Pen','Askin','1985-01-31','Poland',38,'POR',37,NULL,NULL,NULL)
,('SHETAB19970303BR','Shermy','Tabner','1997-03-03','Brazil',56,'DIF',55,NULL,NULL,NULL)
,('ALFKAE19830606BR','Alford','Kaesmakers','1983-06-06','Brazil',40,'POR',40,NULL,NULL,NULL)
,('FINGEM19890421ME','Finn','Gemeau','1989-04-21','Mexico',47,'CEN',48,NULL,NULL,NULL)
,('CLYCAP19870623PO','Cly','Capener','1987-06-23','Poland',35,'ATT',15,NULL,NULL,NULL)
,('LUCHAS19960610NE','Lucien','Haskey','1996-06-10','Netherlands',29,'POR',19,NULL,NULL,NULL)
,('MOIOLD19920821ME','Moise','Oldershaw','1992-08-21','Mexico',25,'ATT',23,NULL,NULL,NULL)
,('CHRCHR19950922FR','Chrissie','Christoforou','1995-09-22','France',11,'POR',13,NULL,NULL,NULL)
,('ORSBRI19870326PO','Orson','Brigstock','1987-03-26','Portugal',73,'POR',50,NULL,NULL,NULL)
,('SKISPU19951114PO','Skip','Spurett','1995-11-14','Portugal',12,'POR',40,NULL,NULL,NULL)
,('BURCOL19900530ME','Burnard','Colebourn','1990-05-30','Mexico',5,'ATT',26,NULL,NULL,NULL)
,('CARBAR19981130PO','Carly','Barhams','1998-11-30','Portugal',71,'CEN',35,NULL,NULL,NULL)
,('DANEXT20020320PO','Daniel','Extil','2002-03-20','Portugal',65,'ATT',16,NULL,NULL,NULL)
,('CAEWIS19930310FR','Caesar','Wiseman','1993-03-10','France',59,'ATT',34,NULL,NULL,NULL)
,('ROBSEG19921105BE','Robb','Segebrecht','1992-11-05','Belgium',32,'CEN',41,NULL,NULL,NULL)
,('ROSENE19871118BR','Roscoe','Enefer','1987-11-18','Brazil',78,'CEN',55,NULL,NULL,NULL)
,('FABVIR20000214FR','Fabien','Virgo','2000-02-14','France',13,'POR',45,NULL,NULL,NULL)
,('BORMAT19920831BR','Borg','Mattiato','1992-08-31','Brazil',73,'POR',50,NULL,NULL,NULL)
,('TREFRA19830429BR','Tremaine','Franek','1983-04-29','Brazil',12,'ATT',57,NULL,NULL,NULL)
,('BERFEA19941123PO','Berkley','Feavers','1994-11-23','Portugal',76,'POR',32,NULL,NULL,NULL)
,('EDGSHI19911209PO','Edgardo','Shirrell','1991-12-09','Poland',38,'CEN',43,NULL,NULL,NULL)
,('EADIMP20010224NE','Eadmund','Impy','2001-02-24','Netherlands',67,'POR',39,NULL,NULL,NULL)
,('ANASTE19950508FR','Anatole','Stedson','1995-05-08','France',51,'DIF',22,NULL,NULL,NULL)
,('EVETER19830308FR','Evelyn','Terren','1983-03-08','France',42,'ATT',12,NULL,NULL,NULL)
,('GARRID19810901ME','Gyarik','Riddlesden','1981-09-01','Mexico',74,'DIF',36,NULL,NULL,NULL)
,('ORETAU19870227FR','Oren','Taunton','1987-02-27','France',53,'DIF',16,NULL,NULL,NULL)
,('RUDKRE19881210PO','Rudyard','Kretschmer','1988-12-10','Poland',69,'CEN',21,NULL,NULL,NULL);

INSERT INTO Trasferimento(Calciatore, Squadra, Veridicita, Offerta) VALUES
 ('NIGSUD19980719FR','Salernitana','POSSIBILE', 12)
,('NIGSUD19980719FR','Venezia','POSSIBILE', 10)
,('NIGSUD19980719FR','Empoli','POSSIBILE', 10)
,('NIGSUD19980719FR','Milan','FAKE', 23)
,('CORILL19990402BR','Salernitana','EFFETTUATO', 32)
,('MIKMAT19801028BR','Salernitana','SALTATO', 7)
,('PENASK19850131PO','Sassuolo','POSSIBILE', 8)
,('PENASK19850131PO','Spezia','POSSIBILE', 7)
,('PENASK19850131PO','Torino','POSSIBILE', 10)
,('PENASK19850131PO','Verona','POSSIBILE', 11)
,('PENASK19850131PO','Juventus','FAKE',35)
,('SHETAB19970303BR','Inter','POSSIBILE',12)
,('SHETAB19970303BR','Milan','POSSIBILE',14)
,('ALFKAE19830606BR','Lecce','SALTATO', 24)
,('FINGEM19890421ME','Sampdoria','SALTATO', 12)
,('CLYCAP19870623PO','Lazio','EFFETTUATO', 23)
,('GARRID19810901ME','Inter','POSSIBILE', 34)
,('GARRID19810901ME','Milan','POSSIBILE', 36)
,('GARRID19810901ME','Juventus','POSSIBILE', 40)
,('GARRID19810901ME','Napoli','POSSIBILE', 23)
,('GARRID19810901ME','Genoa','FAKE', 8);

INSERT INTO Articolo(ID, Data, Testo, Autore, Squadra) VALUES
 (1, '2022-05-22', 'I rossoneri conquistano il tricolore per la 19^ volta nella loro storia.
A Reggio Emilia non ci  partita, match chiuso nei primi 45 min:
doppietta di Giroud e gol di Kessi', 'Enrico Curro', 'Milan')
,(2, '2022-05-22', 'Inter perde lo scudetto e arriva seconda.', 'Samuel Rossi', 'Inter');

INSERT INTO Statistica(DataInizio,Calciatore,DataFine,Gol,Assist,Gialli,Rossi,GolSubiti) VALUES
 ('2021-08-20','LINHIL19980508BR','2022-05-25',30,11,13,3,NULL)
,('2021-08-20','OTIPIE20011014PO','2022-05-25',33,15,16,0,NULL)
,('2021-08-20','GERGLA19850809PO','2022-05-25',25,17,7,2,NULL)
,('2021-08-20','TOMRUA19900724PO','2022-05-25',53,3,4,2,NULL)
,('2021-08-20','WAVCRA19990123NE','2022-05-25',33,11,13,5,NULL)
,('2021-08-20','DEVHAN19961227PO','2022-05-25',58,19,14,5,NULL)
,('2021-08-20','CHEGAL19951121BR','2022-05-25',51,9,1,0,NULL)
,('2021-08-20','KELTHO19840320ME','2022-05-25',27,18,4,0,NULL)
,('2021-08-20','EDDROM19910629PO','2022-05-25',29,16,12,2,NULL)
,('2021-08-20','CURGRI19900912FR','2022-05-25',24,7,1,6,NULL)
,('2021-08-20','ETHFEA20001021FR','2022-05-25',54,5,11,6,NULL)
,('2021-08-20','SHEGRI19960525FR','2022-05-25',56,19,2,0,NULL)
,('2021-08-20','GALCOA19940109FR','2022-05-25',22,3,4,1,NULL)
,('2021-08-20','ALLGOT19841230PO','2022-05-25',52,8,18,3,NULL)
,('2021-08-20','JAMBAL19880504ME','2022-05-25',25,0,24,1,NULL)
,('2021-08-20','ORRSHO19820812GE','2022-05-25',49,8,5,3,NULL)
,('2021-08-20','GAGGIR19971007PO','2022-05-25',58,5,13,4,NULL)
,('2021-08-20','BROBRA19860718PO','2022-05-25',34,5,3,4,NULL)
,('2021-08-20','RANVEL19810629FR','2022-05-25',46,1,0,2,NULL)
,('2021-08-20','TEDDOR19900702PO','2022-05-25',53,5,23,4,NULL)
,('2021-08-20','JONKEY19860628PO','2022-05-25',27,13,25,3,NULL)
,('2021-08-20','THEEVE19920330PO','2022-05-25',24,5,22,1,NULL)
,('2021-08-20','WALEFF19930228PO','2022-05-25',29,6,23,1,NULL)
,('2021-08-20','BRECHA19970203PO','2022-05-25',25,9,8,6,NULL)
,('2021-08-20','CASREA19810709PO','2022-05-25',28,17,20,5,NULL)
,('2021-08-20','GREMAC19970201FR','2022-05-25',42,7,18,0,NULL)
,('2021-08-20','CONVED19940525FR','2022-05-25',59,6,5,5,NULL)
,('2021-08-20','MAGASP19800709ME','2022-05-25',25,4,11,6,NULL)
,('2021-08-20','TALRYH19850205PO','2022-05-25',27,16,19,2,NULL)
,('2021-08-20','BARSHW19891124BR','2022-05-25',60,15,19,5,NULL)
,('2021-08-20','TEOWAR19870804FR','2022-05-25',38,3,19,6,NULL)
,('2021-08-20','WALJOS19841219PO','2022-05-25',20,1,12,2,NULL)
,('2021-08-20','MICBLE19970430BR','2022-05-25',30,16,0,2,NULL)
,('2021-08-20','SPEVEL19870111ME','2022-05-25',55,6,11,2,NULL)
,('2021-08-20','HIRCAP19820429PO','2022-05-25',41,14,18,4,NULL)
,('2021-08-20','ARMFOR20000118BR','2022-05-25',44,18,15,0,NULL)
,('2021-08-20','SHASTU19951021PO','2022-05-25',51,19,15,3,NULL)
,('2021-08-20','FORKIN19850221ME','2022-05-25',41,12,20,4,NULL)
,('2021-08-20','JEDKEM19850411UN','2022-05-25',34,14,25,0,NULL)
,('2021-08-20','OBAHOF19840828FR','2022-05-25',34,9,4,6,NULL)
,('2021-08-20','WALORB19920918PO','2022-05-25',28,20,24,2,NULL)
,('2021-08-20','KINSMA20000427PO','2022-05-25',20,3,22,0,NULL)
,('2021-08-20','CHAMUE19860616PO','2022-05-25',37,16,5,1,NULL)
,('2021-08-20','DEWSHO19851004PO','2022-05-25',35,10,16,0,NULL)
,('2021-08-20','OZZFLA19960909BR','2022-05-25',23,0,13,4,NULL)
,('2021-08-20','ERRIIA19901223BR','2022-05-25',52,16,0,3,NULL)
,('2021-08-20','FREWHA19850221FR','2022-05-25',37,19,18,6,NULL)
,('2021-08-20','MARRED19850703BR','2022-05-25',26,8,12,0,NULL)
,('2021-08-20','IZAJAN19950206PO','2022-05-25',44,7,18,4,NULL)
,('2021-08-20','HURSTA19840528PO','2022-05-25',21,2,19,3,NULL)
,('2021-08-20','BRIYAK19950320FR','2022-05-25',31,1,8,5,NULL)
,('2021-08-20','PERHEN19880425BR','2022-05-25',51,3,23,0,NULL)
,('2021-08-20','CULBRO19980123BR','2022-05-25',40,1,12,0,NULL)
,('2021-08-20','ELLCAL19891019PO','2022-05-25',49,12,7,4,NULL)
,('2021-08-20','CODEAS19880709PO','2022-05-25',20,0,23,5,NULL)
,('2021-08-20','KIPPUR19810426PO','2022-05-25',59,18,17,4,NULL)
,('2021-08-20','DAVDAN19990928ME','2022-05-25',48,9,9,6,NULL)
,('2021-08-20','SHACON20011228ME','2022-05-25',34,10,0,4,NULL)
,('2021-08-20','JEFAND19881124PO','2022-05-25',54,3,17,6,NULL)
,('2021-08-20','ELDMOY19990320ME','2022-05-25',21,5,10,2,NULL)
,('2021-08-20','CLALAR20000602FR','2022-05-25',29,19,18,6,NULL)
,('2021-08-20','WHIKEN19801226BR','2022-05-25',36,4,14,4,NULL)
,('2021-08-20','VALLON19850725BR','2022-05-25',36,19,25,0,NULL)
,('2021-08-20','CASMCE19820403ME','2022-05-25',33,12,17,2,NULL)
,('2021-08-20','CLIRIP19800721ME','2022-05-25',39,2,15,5,NULL)
,('2021-08-20','MARDEP19811026BR','2022-05-25',59,17,5,0,NULL)
,('2021-08-20','REAHUR19871116PO','2022-05-25',48,6,2,1,NULL)
,('2021-08-20','FEDGRE19960908ME','2022-05-25',30,18,14,2,NULL)
,('2021-08-20','LEUDEA19910115BR','2022-05-25',25,5,18,0,NULL)
,('2021-08-20','KYLGRA19840821ME','2022-05-25',35,20,25,4,NULL)
,('2021-08-20','IGNDUN19980131BR','2022-05-25',38,13,13,1,NULL)
,('2021-08-20','AMEJEL19810702PO','2022-05-25',44,6,19,6,NULL)
,('2021-08-20','MIKMAT19801028BR','2022-05-25',29,14,3,4,NULL)
,('2021-08-20','CLYCAP19870623PO','2022-05-25',52,3,21,0,NULL)
,('2021-08-20','MOIOLD19920821ME','2022-05-25',37,14,20,4,NULL)
,('2021-08-20','BURCOL19900530ME','2022-05-25',51,12,13,5,NULL)
,('2021-08-20','DANEXT20020320PO','2022-05-25',41,11,4,5,NULL)
,('2021-08-20','CAEWIS19930310FR','2022-05-25',22,5,19,4,NULL)
,('2021-08-20','TREFRA19830429BR','2022-05-25',26,5,8,6,NULL)
,('2021-08-23','EVETER19830308FR','2022-05-28',41,14,10,3,NULL)
,('2021-08-20','LYDWAR19940102FR','2022-05-25',41,6,10,5,NULL)
,('2021-08-20','ALLMCG19850119PO','2022-05-25',40,14,22,5,NULL)
,('2021-08-20','MUNONN19990404PO','2022-05-25',22,7,18,4,NULL)
,('2021-08-20','HUNMAY19850808BR','2022-05-25',31,9,15,0,NULL)
,('2021-08-20','FREMAR19930820PO','2022-05-25',32,9,23,5,NULL)
,('2021-08-20','CALHAR19851211FR','2022-05-25',43,15,19,0,NULL)
,('2021-08-20','GIBLOY19820805ME','2022-05-25',31,4,23,1,NULL)
,('2021-08-20','CALRAL19831020FR','2022-05-25',51,20,23,6,NULL)
,('2021-08-20','FEESHA19830202FR','2022-05-25',49,10,18,6,NULL)
,('2021-08-20','EMLFUR19950709BR','2022-05-25',41,9,5,2,NULL)
,('2021-08-20','GARPYR20001012FR','2022-05-25',44,10,6,2,NULL)
,('2021-08-20','MUNPAS19870623FR','2022-05-25',20,20,8,4,NULL)
,('2021-08-20','YULPRI19980126PO','2022-05-25',49,18,1,1,NULL)
,('2021-08-20','ALDPOZ19880405PO','2022-05-25',36,11,12,6,NULL)
,('2021-08-20','JEFTEB19930816BR','2022-05-25',56,11,24,6,NULL)
,('2021-08-20','LIEFRI19931122FR','2022-05-25',38,15,14,0,NULL)
,('2021-08-20','FERCAM19900217PO','2022-05-25',30,19,14,2,NULL)
,('2021-08-20','FLEYAI20010806PO','2022-05-25',22,7,8,6,NULL)
,('2021-08-20','LOYBEA19840422PO','2022-05-25',42,18,10,5,NULL)
,('2021-08-20','JESTWE19880501PO','2022-05-25',49,4,22,3,NULL)
,('2021-08-20','NIEANE19820204FR','2022-05-25',54,2,13,3,NULL)
,('2021-08-20','NIKPET20000827PO','2022-05-25',27,2,24,3,NULL)
,('2021-08-20','YEHGLA19921012PO','2022-05-25',36,9,15,4,NULL)
,('2021-08-20','SKIBID19801123PO','2022-05-25',39,15,25,2,NULL)
,('2021-08-20','LEOGAN19960814ME','2022-05-25',25,20,17,4,NULL)
,('2021-08-20','SAUDAN19860612PO','2022-05-25',22,10,9,3,NULL)
,('2021-08-20','SVEBEI19930621PO','2022-05-25',41,19,8,5,NULL)
,('2021-08-20','DURLAT19961101PO','2022-05-25',28,7,21,5,NULL)
,('2021-08-20','NEDPOH20010827FR','2022-05-25',51,2,9,3,NULL)
,('2021-08-20','SKELOR19971124PO','2022-05-25',57,12,12,1,NULL)
,('2021-08-20','KELZUP20010908PO','2022-05-25',20,14,22,6,NULL)
,('2021-08-20','GARMAR20010530PO','2022-05-25',28,12,22,2,NULL)
,('2021-08-20','WESROB20000312BR','2022-05-25',45,3,25,4,NULL)
,('2021-08-20','ORLLOU19971018BR','2022-05-25',23,7,13,1,NULL)
,('2021-08-20','GORSHA19970225FR','2022-05-25',20,11,23,3,NULL)
,('2021-08-20','JAMRAN19971123ME','2022-05-25',60,18,21,6,NULL)
,('2021-08-20','BARDON19850620PO','2022-05-25',40,20,19,2,NULL)
,('2021-08-20','ALEBOS19960928PO','2022-05-25',43,20,1,4,NULL)
,('2021-08-20','DERDAS19880410SP','2022-05-25',58,9,12,3,NULL)
,('2021-08-20','BERAVR19970215SP','2022-05-25',26,0,4,4,NULL)
,('2021-08-20','KAYROM19960823UN','2022-05-25',29,11,7,4,NULL)
,('2021-08-20','SAURIC19890615PO','2022-05-25',55,11,24,3,NULL)
,('2021-08-20','RODREN19931214PO','2022-05-25',58,13,25,6,NULL)
,('2021-08-20','LLELAI19980427BR','2022-05-25',60,15,0,5,NULL)
,('2021-08-20','JANSMI19910428PO','2022-05-25',41,11,16,0,NULL)
,('2021-08-20','TRASHE20000907PO','2022-05-25',23,5,5,0,NULL)
,('2021-08-20','SHESNA19961112PO','2022-05-25',52,4,12,0,NULL)
,('2021-08-20','BAIWHA19970502BR','2022-05-25',58,11,25,5,NULL)
,('2021-08-20','TYRNER19950606NE','2022-05-25',55,12,5,2,NULL)
,('2021-08-20','CARSAL19910521NE','2022-05-25',33,11,5,2,NULL)
,('2021-08-20','LUCJEA19930501BR','2022-05-25',32,12,9,2,NULL)
,('2021-08-20','EDGOLL19861004FR','2022-05-25',57,0,0,1,NULL)
,('2021-08-20','NICFRA20011117PO','2022-05-25',34,19,8,4,NULL)
,('2021-08-20','JORBLE19840614PO','2022-05-25',29,10,18,3,NULL)
,('2021-08-20','PRICOC20000113BR','2022-05-25',54,3,10,4,NULL)
,('2021-08-20','DUNSTE19990523BR','2022-05-25',55,12,0,6,NULL)
,('2021-08-20','RENRIC20011022PO','2022-05-25',43,0,0,1,NULL)
,('2021-08-20','HALSEB19860622PO','2022-05-25',59,13,2,5,NULL)
,('2021-08-20','FEOLYS19900107FR','2022-05-25',59,4,3,4,NULL)
,('2021-08-20','TRSRAC19990814BR','2022-05-25',44,6,9,4,NULL)
,('2021-08-20','HERCHE19850624PO','2022-05-25',49,11,4,4,NULL)
,('2021-08-20','WEBRIC19960519BR','2022-05-25',31,7,23,3,NULL)
,('2021-08-20','CLAPAT19840321FR','2022-05-25',44,16,10,0,NULL)
,('2021-08-20','LARMAC19801005PO','2022-05-25',26,4,12,6,NULL)
,('2021-08-20','EDORAN19860413PO','2022-05-25',53,20,25,0,NULL)
,('2021-08-20','GIUAND19850327PO','2022-05-25',37,8,19,2,NULL)
,('2021-08-20','FINGEM19890421ME','2022-05-25',53,2,7,2,NULL)
,('2021-08-20','CARBAR19981130PO','2022-05-25',22,15,9,2,NULL)
,('2021-08-20','ROBSEG19921105BE','2022-05-25',55,15,14,6,NULL)
,('2021-08-20','ROSENE19871118BR','2022-05-25',44,12,4,1,NULL)
,('2021-08-20','EDGSHI19911209PO','2022-05-25',51,3,3,5,NULL)
,('2021-08-26','RUDKRE19881210PO','2022-05-31',53,19,10,5,NULL)
,('2021-08-20','PATDIE19980729ME','2022-05-25',37,14,21,1,NULL)
,('2021-08-20','AHADWY19850930PO','2022-05-25',60,16,3,2,NULL)
,('2021-08-20','INGYET19900602FR','2022-05-25',0,21,14,6,NULL)
,('2021-08-20','PEPOAT19820101PO','2022-05-25',13,2,19,5,NULL)
,('2021-08-20','BRADYS19860618PO','2022-05-25',17,1,14,3,NULL)
,('2021-08-20','BALHOB19920706FR','2022-05-25',5,23,8,4,NULL)
,('2021-08-20','MERROB19991202PO','2022-05-25',5,18,7,4,NULL)
,('2021-08-20','BARODA19931217PO','2022-05-25',13,17,5,1,NULL)
,('2021-08-20','OTETIB19951202FR','2022-05-25',8,19,9,0,NULL)
,('2021-08-20','OBAVER19830602FR','2022-05-25',2,20,2,0,NULL)
,('2021-08-20','CREGRI19881021BR','2022-05-25',14,12,12,1,NULL)
,('2021-08-20','IORBRO19990314FR','2022-05-25',20,5,21,4,NULL)
,('2021-08-20','KIMMCC19861020PO','2022-05-25',14,17,22,2,NULL)
,('2021-08-20','WILRIK19890417BR','2022-05-25',14,7,4,2,NULL)
,('2021-08-20','ROCTRE19861211PO','2022-05-25',13,8,3,6,NULL)
,('2021-08-20','JUDBLE19851030FR','2022-05-25',14,8,13,0,NULL)
,('2021-08-20','VERCLY19860213ME','2022-05-25',20,19,25,2,NULL)
,('2021-08-20','TYSCOR19970420PO','2022-05-25',17,18,7,4,NULL)
,('2021-08-20','VINCAN19840113BR','2022-05-25',0,4,16,2,NULL)
,('2021-08-20','SHESCA19880912BR','2022-05-25',17,12,18,2,NULL)
,('2021-08-20','BREMUS20010830ME','2022-05-25',2,8,20,0,NULL)
,('2021-08-20','CASMCG19971022BR','2022-05-25',16,5,19,1,NULL)
,('2021-08-20','HASELD19960718PO','2022-05-25',14,12,23,1,NULL)
,('2021-08-20','HANGUI19970107BR','2022-05-25',7,25,17,6,NULL)
,('2021-08-20','PEYMAC19811028FR','2022-05-25',18,1,24,0,NULL)
,('2021-08-20','ARLSAI19830729BR','2022-05-25',19,12,10,3,NULL)
,('2021-08-20','ARCCAP19880811PO','2022-05-25',5,20,15,3,NULL)
,('2021-08-20','CLAGAG19840405PO','2022-05-25',14,23,9,2,NULL)
,('2021-08-20','CORWEE20011029ME','2022-05-25',13,12,1,0,NULL)
,('2021-08-20','BENMCK19810513SP','2022-05-25',6,9,24,4,NULL)
,('2021-08-20','SAYCOL19950402FR','2022-05-25',4,24,2,6,NULL)
,('2021-08-20','HURUPW20001108BR','2022-05-25',2,16,9,4,NULL)
,('2021-08-20','GIAMCE19820107PO','2022-05-25',15,20,18,0,NULL)
,('2021-08-20','BENHAT19970405FR','2022-05-25',11,1,3,1,NULL)
,('2021-08-20','JERMCG19920814PO','2022-05-25',5,24,0,2,NULL)
,('2021-08-20','TITMEW19950210BR','2022-05-25',13,17,23,0,NULL)
,('2021-08-20','CASSAB20010919PO','2022-05-25',14,22,17,1,NULL)
,('2021-08-20','AHMMUD19970424BR','2022-05-25',20,19,19,1,NULL)
,('2021-08-20','OLLHED19961011PO','2022-05-25',17,16,13,5,NULL)
,('2021-08-20','PANSCU19860422BR','2022-05-25',9,2,20,2,NULL)
,('2021-08-20','XYMMER19980604BR','2022-05-25',1,8,11,1,NULL)
,('2021-08-20','SIBHAR19920425FR','2022-05-25',6,5,6,4,NULL)
,('2021-08-20','DENCHI19951105PO','2022-05-25',10,1,1,0,NULL)
,('2021-08-20','JASSAV19971118FR','2022-05-25',17,4,10,3,NULL)
,('2021-08-20','BARGOO19941225FR','2022-05-25',11,7,17,4,NULL)
,('2021-08-20','PETREU19820726PO','2022-05-25',1,5,21,1,NULL)
,('2021-08-20','MASCLI19921108PO','2022-05-25',19,10,22,5,NULL)
,('2021-08-20','MORABB19800530PO','2022-05-25',5,18,6,3,NULL)
,('2021-08-20','XENPAL19950412PO','2022-05-25',2,19,8,1,NULL)
,('2021-08-20','ROLLOR19980420ME','2022-05-25',16,3,17,1,NULL)
,('2021-08-20','JERSOU19870914PO','2022-05-25',4,12,2,0,NULL)
,('2021-08-20','GUSCHA19940308BR','2022-05-25',5,17,23,0,NULL)
,('2021-08-20','MARFER19831224FR','2022-05-25',3,21,7,6,NULL)
,('2021-08-20','ULRCHE19870311FR','2022-05-25',7,3,22,3,NULL)
,('2021-08-20','WINMAC19950112FR','2022-05-25',8,0,2,4,NULL)
,('2021-08-20','TADBOW20010221BR','2022-05-25',10,2,6,0,NULL)
,('2021-08-20','MAUVAN19830508PO','2022-05-25',11,1,15,4,NULL)
,('2021-08-20','TREGOG19960912FR','2022-05-25',17,9,14,4,NULL)
,('2021-08-20','ARMCOL19890507BR','2022-05-25',5,16,14,0,NULL)
,('2021-08-20','FINAPD19840529PO','2022-05-25',5,0,15,4,NULL)
,('2021-08-20','KEAWRE20011209PO','2022-05-25',2,20,5,0,NULL)
,('2021-08-20','ASAMOR20020320BR','2022-05-25',1,20,18,0,NULL)
,('2021-08-20','ROLWES19991226FR','2022-05-25',17,7,15,5,NULL)
,('2021-08-20','NICORR19800729PO','2022-05-25',18,19,15,3,NULL)
,('2021-08-20','NIGSUD19980719FR','2022-05-25',9,21,0,1,NULL)
,('2021-08-20','CORILL19990402BR','2022-05-25',3,13,7,1,NULL)
,('2021-08-20','SHETAB19970303BR','2022-05-25',19,19,16,1,NULL)
,('2021-08-22','ANASTE19950508FR','2022-05-27',17,2,5,0,NULL)
,('2021-08-24','GARRID19810901ME','2022-05-29',11,12,25,1,NULL)
,('2021-08-25','ORETAU19870227FR','2022-05-30',0,0,2,2,NULL)
,('2021-08-20','DMIJEA19891206FR','2022-05-25',0,0,19,3,13)
,('2021-08-20','STEMOO20000503PO','2022-05-25',0,0,7,1,16)
,('2021-08-20','PASWYK19810720FR','2022-05-25',0,0,18,0,7)
,('2021-08-20','YEHCOR19931122NE','2022-05-25',0,0,10,5,4)
,('2021-08-20','QUIPER20020402PO','2022-05-25',0,0,12,6,13)
,('2021-08-20','FELABD19951015BR','2022-05-25',0,0,14,0,14)
,('2021-08-20','MARWHI19950525FR','2022-05-25',0,0,6,1,1)
,('2021-08-20','STAHAW19950710SP','2022-05-25',0,0,20,6,4)
,('2021-08-20','NOBNIN19850309FR','2022-05-25',0,0,15,3,12)
,('2021-08-20','MAUMCI19931024FR','2022-05-25',0,0,14,1,1)
,('2021-08-20','STAFOL19990706PO','2022-05-25',0,0,13,1,11)
,('2021-08-20','ERSSIG19911010GE','2022-05-25',0,0,16,2,2)
,('2021-08-20','THAHIN19891106PO','2022-05-25',0,0,11,5,4)
,('2021-08-20','CLESTO20010330ME','2022-05-25',0,0,8,3,18)
,('2021-08-20','BOBHAY20011105BR','2022-05-25',0,0,12,6,24)
,('2021-08-20','GLYSHI20010410BR','2022-05-25',0,0,4,2,5)
,('2021-08-20','CURCLA20020312BR','2022-05-25',0,0,18,6,13)
,('2021-08-20','ELMLUS19811207PO','2022-05-25',0,0,5,0,3)
,('2021-08-20','MYRSET19971108PO','2022-05-25',0,0,21,5,0)
,('2021-08-20','MANPAW19930310BR','2022-05-25',0,0,17,3,23)
,('2021-08-20','ARNBEN20010304FR','2022-05-25',0,0,13,5,25)
,('2021-08-20','VERFLI19820604PO','2022-05-25',0,0,15,1,22)
,('2021-08-20','BERGIT20020220FR','2022-05-25',0,0,20,1,23)
,('2021-08-20','KILBEN19950917SP','2022-05-25',0,0,4,6,8)
,('2021-08-20','DORITH20020308BR','2022-05-25',0,0,21,1,20)
,('2021-08-20','EMMCHA19900502PO','2022-05-25',0,0,5,0,18)
,('2021-08-20','ANTANW19860418PO','2022-05-25',0,0,14,0,5)
,('2021-08-20','DIOCHE19910114PO','2022-05-25',0,0,11,1,11)
,('2021-08-20','WYLAIR19970617SP','2022-05-25',0,0,18,1,19)
,('2021-08-20','HAMGUS20011201SP','2022-05-25',0,0,1,2,19)
,('2021-08-20','PAPPYR19890625BR','2022-05-25',0,0,12,5,19)
,('2021-08-20','NOLCUL19910111FR','2022-05-25',0,0,5,3,12)
,('2021-08-20','SYDBOU20001210PO','2022-05-25',0,0,19,4,0)
,('2021-08-20','NIKKIN19900104PO','2022-05-25',0,0,24,6,11)
,('2021-08-20','HERBRA19970226GE','2022-05-25',0,0,10,3,18)
,('2021-08-20','KINCOS19920624PO','2022-05-25',0,0,22,4,15)
,('2021-08-20','ASABAR19890407FR','2022-05-25',0,0,25,2,15)
,('2021-08-20','MERSTE19870710FR','2022-05-25',0,0,6,3,20)
,('2021-08-20','CULGIV19900506FR','2022-05-25',0,0,0,5,25)
,('2021-08-20','GARHUR19800923FR','2022-05-25',0,0,3,1,4)
,('2021-08-20','BRATUR19801029PO','2022-05-25',0,0,14,2,24)
,('2021-08-20','JULMUS19921222PO','2022-05-25',0,0,3,3,22)
,('2021-08-20','CORBRA19950706BR','2022-05-25',0,0,25,1,5)
,('2021-08-20','ADAFEL19830908BR','2022-05-25',0,0,13,5,16)
,('2021-08-20','CLAMIL19970418BR','2022-05-25',0,0,1,5,13)
,('2021-08-20','RUTTRA19890914PO','2022-05-25',0,0,17,4,0)
,('2021-08-20','BAXLUN19920412PO','2022-05-25',0,0,0,6,18)
,('2021-08-20','MILTRO19910714PO','2022-05-25',0,0,15,1,12)
,('2021-08-20','BALHAL19850913BR','2022-05-25',0,0,9,5,18)
,('2021-08-20','ROYALL20010613PO','2022-05-25',0,0,9,1,19)
,('2021-08-20','TERAYE19900409BR','2022-05-25',0,0,18,3,8)
,('2021-08-20','ABEFEL19981023PO','2022-05-25',0,0,18,2,23)
,('2021-08-20','NEABOU19801010FR','2022-05-25',0,0,13,2,12)
,('2021-08-20','ESTBIS20000602BR','2022-05-25',0,0,8,0,7)
,('2021-08-20','ZACMAN19891129FR','2022-05-25',0,0,14,6,23)
,('2021-08-20','NILREA19970322FR','2022-05-25',0,0,6,3,17)
,('2021-08-20','TRELOR19960717FR','2022-05-25',0,0,24,5,9)
,('2021-08-20','ERHSKE19980314PO','2022-05-25',0,0,2,4,0)
,('2021-08-20','AYMCRO19851030FR','2022-05-25',0,0,6,5,17)
,('2021-08-20','SKIHOP19810123ME','2022-05-25',0,0,5,5,10)
,('2021-08-20','ALICLA19951217FR','2022-05-25',0,0,19,6,18)
,('2021-08-20','PENASK19850131PO','2022-05-25',0,0,1,4,14)
,('2021-08-20','ALFKAE19830606BR','2022-05-25',0,0,21,2,25)
,('2021-08-20','LUCHAS19960610NE','2022-05-25',0,0,1,3,17)
,('2021-08-20','CHRCHR19950922FR','2022-05-25',0,0,17,1,15)
,('2021-08-20','ORSBRI19870326PO','2022-05-25',0,0,9,4,5)
,('2021-08-20','SKISPU19951114PO','2022-05-25',0,0,4,5,2)
,('2021-08-20','FABVIR20000214FR','2022-05-25',0,0,24,5,14)
,('2021-08-20','BORMAT19920831BR','2022-05-25',0,0,20,2,18)
,('2021-08-20','BERFEA19941123PO','2022-05-25',0,0,1,0,25)
,('2021-08-21','EADIMP20010224NE','2022-05-26',0,0,23,5,13);

INSERT INTO Arbitro(CF, Nome, Cognome, DataNascita, Nazionalita, LivelloLicenza) VALUES
 ('DANDOV19690213IT', 'Daniele', 'Doveri', '1960-02-13', 'Italia', 1)
,('MATGAR19600214IT', 'Matteo', 'Gariglio', '1960-02-14', 'Italia', 1)
,('ANTGIU19690215IT', 'Antonio', 'Giua', '1960-02-15', 'Italia', 1)
,('FEDLPE19600216IT', 'Federico', 'La Penna', '1960-02-16', 'Italia', 1)
,('DAVGHE19600217IT', 'Davide', 'Ghersini', '1960-02-17', 'Italia',1 );

INSERT INTO Arbitraggio(Arbitro, DataPartita, SquadraCasa, Ruolo) VALUES
 ('DANDOV19690213IT', '2022-04-30', 'Napoli', 'DIR')
,('MATGAR19600214IT', '2022-04-30', 'Napoli', 'GL')
,('ANTGIU19690215IT', '2022-04-30', 'Napoli', 'VAR')
,('FEDLPE19600216IT', '2022-04-30', 'Napoli', 'GL')
,('DANDOV19690213IT', '2021-12-21', 'Juventus', 'GL')
,('MATGAR19600214IT', '2021-12-21', 'Juventus', 'VAR')
,('ANTGIU19690215IT', '2021-12-21', 'Juventus', 'VAR')
,('FEDLPE19600216IT', '2021-12-21', 'Juventus', 'DIR');